id,record_created,record_updated,sku,desc,units_total,unit_price,owner_id
670,2022-02-21 17:42:35.971989+00,2024-07-19 10:57:18.950354+00,BL1047,Unicorn Storage Footstool,1,39.99,1
1086,2024-07-12 14:03:19.103064+00,2025-02-13 15:48:37.78324+00,BL1576 PP-HLCF-F,Vivid Arts Highland Cattle Calf,2,17.99,1
817,2023-01-30 16:25:01.681985+00,2024-07-19 10:59:43.371206+00,BL1235,Stone Fox,0,34.99,1
1109,2024-07-23 14:39:50.007204+00,2025-02-13 15:49:33.99644+00,BL1659 PP-LEMR-F,Vivid Arts Ring tail Lemur,0,27.99,1
714,2022-07-21 09:26:11.072586+00,2024-01-16 14:15:21.271442+00,BL875,Tree of Life BA04,0,49.99,1
1110,2024-07-23 14:41:09.376001+00,2025-02-13 15:49:40.086736+00,BL1660 PP-MP03-D,Vivid Arts Micro Pig,2,17.99,1
1144,2024-12-02 11:32:42.861036+00,2024-12-02 12:03:24.074725+00,BL1709,Tractor- Gift in a tin,8,9.99,1
732,2022-07-21 12:06:29.734856+00,2023-06-29 09:09:21.360654+00,BL1107 BA243,Small Arch Mirror,1,24.99,1
1129,2024-10-17 11:09:24.712103+00,2025-02-13 15:50:52.79893+00,BL518 XRL-HR01-A,Vivid Arts Moon gazing Hare,1,52.99,1
63,2019-01-22 16:18:42.062175+00,2025-02-14 10:59:03.042939+00,BL248 XRL-HH0G-D,Vivid Arts Hedgehog,2,27.99,1
541,2021-03-01 10:51:39.568726+00,2025-02-14 10:59:03.143357+00,BL752 XRL-HH09-F,Vivid Arts Baby hedgehog in leaf,4,17.99,1
553,2021-03-01 11:09:12.488562+00,2025-02-14 10:59:03.180874+00,BL942 XRL-RS10-D,Vivid Arts Running Red Squirrel,1,24.99,1
655,2022-01-21 15:49:43.964565+00,2025-02-14 10:59:03.245605+00,BL1042 XRL-SHAW-D,Vivid Arts Sparrowhawk,1,27.99,1
908,2023-08-30 11:30:19.584306+00,2025-02-14 10:59:03.382137+00,BL1322 PP-FDGR-F,Vivid Arts Fan Tail Dragon,3,19.99,1
412,2020-07-16 10:50:12.852369+00,2023-07-07 10:02:30.839713+00,CBL27,Disinfectant 5LTR,7,9.99,1
1008,2024-05-13 14:16:46.661463+00,2025-02-14 10:59:03.573722+00,BL1619 LP49679,Vintage Union Jack Scooter,0,24.99,1
1169,2024-12-05 11:37:00.296624+00,2025-02-28 11:37:37.08659+00,BL1737 BA682,Set of 2 Baskets Robin Liner,4,23.99,1
1161,2024-12-05 11:23:41.940749+00,2025-02-28 11:37:37.120753+00,BL1729 BA672,Set of 3 Baskets Robin Liner,7,22.99,1
103,2019-01-22 17:11:27.697422+00,2025-03-12 10:56:39.002526+00,BL408 XRL-BADG-D,Vivid Arts Badger,0,44.99,1
1213,2025-03-10 09:45:02.960867+00,2025-03-12 09:33:42.134933+00,BL1679 ba620,Metal Fairy,1,35.99,1
757,2022-09-01 09:56:13.048046+00,2024-07-12 10:52:43.145246+00,BL741 LP93923,Busy bees glass cutting board,1,9.99,1
1151,2024-12-02 11:41:39.784211+00,2024-12-02 12:03:24.05963+00,BL1717,Mini Mechanic Construction Set - Gift in a tin,8,9.99,1
105,2019-01-22 17:12:45.397628+00,2022-12-16 11:03:32.609524+00,BL417 XRL-FCB3-A,Vivid Arts Large sleeping Fox,0,89.99,1
474,2020-12-30 13:45:55.582058+00,2025-03-12 09:33:42.188417+00,BL822,British birds blue tit needle felting kit,0,9.99,1
469,2020-12-30 13:43:25.918687+00,2025-03-12 09:33:42.225061+00,BL817,Fabulous Mr Foxy needle felting kit,0,15.99,1
818,2023-01-30 16:26:02.210588+00,2025-03-12 10:56:38.983838+00,BL1236 AN9,Stone Frog Dish,0,17.99,1
940,2023-10-04 09:01:39.368475+00,2024-07-12 13:11:50.369842+00,BL1201 BA373,Dreamcatcher,2,8.99,1
744,2022-07-21 15:50:20.537555+00,2025-03-12 10:56:39.022145+00,BL1033 WBC-GOLF-F,Vivid Arts Goldfinch,0,12.99,1
926,2023-09-25 09:13:55.988074+00,2025-03-14 09:49:23.593359+00,BL1446 LP48843,Blue Car with Surfboard,0,29.99,1
56,2019-01-22 16:11:05.738476+00,2024-05-13 14:15:38.916775+00,BL232 XRL-PFOX-A,Vivid Arts Prowling Fox Large,1,179.99,1
738,2022-07-21 12:11:24.275206+00,2024-05-24 09:26:31.683946+00,BL1112,Tree of Life BA10,0,49.99,1
835,2023-01-30 16:51:07.306688+00,2024-07-19 11:04:09.524185+00,BL1254 VP26,Stone Sack Pot,4,24.99,1
703,2022-07-20 15:33:21.687507+00,2024-05-24 09:00:20.97987+00,BL563,Tree of Life WA15,1,29.99,1
436,2020-10-13 16:33:24.655541+00,2025-01-20 21:36:42.198865+00,BL631,Hedgehog walkway sign Black paired,20,4.99,1
404,2020-06-24 10:42:56.88312+00,2025-02-13 15:22:26.437138+00,BL760 RL-AT14-B,Vivid Arts Jumping Fox Cub,1,36.99,1
445,2020-10-20 11:36:08.970017+00,2025-01-09 08:47:19.976763+00,CBL29,Reduced sale stickers box of 1000,7,4.99,1
649,2022-01-21 15:00:15.138434+00,2025-02-13 15:28:14.328894+00,BL785 RL-AT13-B,Vivid Arts Running Fox Cub,1,32.99,1
57,2019-01-22 16:11:42.791053+00,2025-02-13 10:35:08.278025+00,BL233 XRL-PFOX-D,Vivid Arts Prowling Fox Small,0,39.99,1
67,2019-01-22 16:21:42.380743+00,2025-02-13 10:37:04.583624+00,BL271 XRL-SFOX-A,Vivid Arts Large Sitting Fox,0,134.99,1
529,2021-03-01 10:34:44.216215+00,2025-02-13 15:23:16.458591+00,BL922 MG-TWNY-F,Vivid Arts My Garden Sign Tawny Owl,1,10.99,1
656,2022-02-15 15:17:55.951228+00,2025-02-13 15:28:57.269535+00,BL350 NF-TRTA-F,Vivid Arts Tortoise,2,13.99,1
468,2020-12-30 13:42:51.982907+00,2025-01-20 21:44:17.311844+00,BL816,Sleepy fox needle felting kit,0,12.99,1
533,2021-03-01 10:42:36.874667+00,2025-02-13 15:23:23.63773+00,BL925 RL-PF06-B,Vivid Arts Playful Red Squirrels,0,26.99,1
921,2023-08-30 11:53:18.625921+00,2025-02-13 15:39:36.513966+00,BL1021 BC-OPC1-D,Vivid Arts Open Cone Pine Robin,0,17.99,1
750,2022-07-21 15:58:33.50917+00,2025-02-13 15:30:56.954573+00,BL1092 XRL-MBRA-B,Vivid Arts Mother baby rabbit,1,32.99,1
916,2023-08-30 11:46:17.347113+00,2025-02-13 15:37:24.417342+00,BL1332 XRL-SWOL-D,Vivid Arts Sitting Wolf,1,39.99,1
756,2022-07-21 16:04:31.278199+00,2025-02-13 15:31:34.488721+00,BL236 XRL-TWNY-F,Vivid Arts RL Tawny Owl,0,14.99,1
1127,2024-09-18 19:10:42.12224+00,2025-01-22 14:52:18.987317+00,BL1682 CL391,Meg Hawkins Blackberry and Bramble Diffuser,5,12.99,1
887,2023-07-17 17:54:25.84401+00,2025-01-22 14:59:54.23793+00,BL1385,Meg Hawkins Candle Honeysuckle - Bee,15,9.99,1
1118,2024-09-18 18:39:49.703311+00,2025-01-22 15:25:14.18001+00,BL1686 CL398,Meg Hawkins Room Mist- Lavender and Chamomile,6,7.99,1
873,2023-07-17 17:29:10.564837+00,2025-01-22 15:55:15.051765+00,BL1371,Meg Hawkins candle blackberry and bramble - Hare,18,9.99,1
1136,2024-10-29 11:20:04.014793+00,2025-01-22 16:07:20.141301+00,BL1701,NT Hi-Energy No Mess 1 kg CJ Wildlife,0,3.99,1
1137,2024-10-29 11:37:53.846225+00,2025-01-22 16:07:36.478521+00,BL1702,NT Hi-Energy No Mess 2kg CJ Wildlife,0,6.99,1
446,2020-11-09 14:28:19.93489+00,2025-02-13 15:22:55.062392+00,BL725 XRL-HH15-F,Vivid Arts Sitting baby hedgehogs,3,17.99,1
1143,2024-11-20 16:16:36.11061+00,2025-01-23 15:36:34.0235+00,BL1708,2024 Xmas Robin cards x 5 designs,60,3.99,1
441,2020-10-15 10:52:56.647356+00,2025-01-24 09:39:03.614486+00,BL811,Sunrise Coal Tit Xmas Card,0,2.99,1
720,2022-07-21 11:55:44.214806+00,2025-01-24 10:32:38.523331+00,BL1097,Riseley Mirror,2,49.99,1
726,2022-07-21 12:02:01.598789+00,2025-01-24 10:41:13.473584+00,BL1102 ba251,Somersham Mirror,2,59.99,1
811,2023-01-30 16:18:45.305421+00,2025-02-02 13:09:52.62563+00,BL1229 AN29,Stone Hedgehog,2,6.99,1
915,2023-08-30 11:44:37.779221+00,2025-02-13 15:37:18.347187+00,BL1414 BC-MF01-F,Vivid Arts Multi-feed Dish Robin,2,19.99,1
823,2023-01-30 16:30:49.926954+00,2025-01-27 12:09:50.726814+00,BL1241 BR11,Stone Bird on Nest,1,15.99,1
832,2023-01-30 16:48:41.326085+00,2025-01-24 11:59:47.178984+00,BL1251 FLF24,Stone Barn Owl A,1,27.99,1
1177,2024-12-05 12:22:03.369085+00,2025-01-27 12:09:50.590681+00,BL1745 BA697,Aeroplane Clock,3,69.99,1
900,2023-08-16 12:30:16.153479+00,2025-01-27 12:09:50.673095+00,BL1398,Bee Chain,0,8.99,1
824,2023-01-30 16:31:46.034588+00,2025-01-27 12:09:50.722016+00,BL1242,Stone Bird Hand Feeder,0,15.99,1
55,2019-01-22 16:10:28.92352+00,2025-02-13 10:31:31.107234+00,BL229 XRL-HH07-B,Vivid Arts Mother baby hedgehog,2,26.99,1
549,2021-03-01 11:01:23.803069+00,2025-02-13 15:24:39.766832+00,BL938 XRL-RFOX-D,Vivid Arts Resting Fox,2,24.99,1
73,2019-01-22 16:45:15.142407+00,2025-02-13 10:39:47.696442+00,BL317 XBC-LTBX-D,Vivid Arts Red Letter Box,0,29.99,1
77,2019-01-22 16:53:18.008132+00,2025-02-13 10:41:44.854143+00,BL324  XRL-RS05-B,Vivid Arts Red Squirrel sitting,0,27.99,1
148,2019-02-06 13:56:32.305846+00,2025-02-13 10:53:54.82099+00,BL496 XRL-LEVE-E,Vivid Arts Sitting Leveret,2,16.99,1
733,2022-07-21 12:06:53.167234+00,2023-06-29 09:09:41.131504+00,BL1108 BA244,Small Maulden Mirror,1,24.99,1
291,2019-07-31 11:17:06.288779+00,2025-02-14 10:59:03.134868+00,CBL8,Till roll box of 20,3,15.00,1
527,2021-03-01 10:33:31.687547+00,2025-03-12 10:56:39.031392+00,BL920 MG-KFSH-F,Vivid Arts My Garden Sign Kingfisher,0,10.99,1
1119,2024-09-18 18:42:31.043378+00,2024-09-18 18:42:31.0441+00,BL1684 CL396,Room Mist- Elderflower and Pear Blossom,12,7.99,1
838,2023-02-06 13:33:33.290403+00,2025-02-14 10:59:03.283649+00,BL761 RL-AT30-B,Vivid Arts Diving Kingfisher,2,14.99,1
696,2022-05-30 08:38:24.693777+00,2024-01-15 11:20:32.701581+00,BL1084,National Trust Floating Duck and swan 350g,0,3.99,1
763,2022-09-08 11:00:14.350966+00,2024-01-16 14:45:20.345885+00,BL1186,6 x 60mm Xmas Christmas Shatterproof Red Baubles,12,2.99,1
895,2023-07-24 12:55:44.64305+00,2025-02-14 10:59:03.358612+00,BL1393 LP49465,Vintage Camper Van Blue,0,29.99,1
874,2023-07-17 17:30:54.077723+00,2024-09-18 18:46:35.931953+00,BL1372,Meg Hawkins candle Elderflower and Pear - Stag,6,9.99,1
1153,2024-12-05 11:02:45.674821+00,2024-12-05 11:02:45.675314+00,BL1721 BA644,Set of 5 Baskets,2,99.99,1
443,2020-10-15 11:00:35.062074+00,2024-10-10 08:37:26.395282+00,BL813,Perched Robin Xmas Cards,0,3.99,1
1162,2024-12-05 11:24:58.465155+00,2024-12-05 11:24:58.46517+00,BL1730 BA673,Set of 3 Baskets Star Liner,8,22.99,1
931,2023-09-29 10:43:48.495374+00,2025-02-14 10:59:03.425535+00,BL1441 CL394,Meg Hawkins Diffuser White Lavender and Chamomile - Fox,12,12.99,1
833,2023-01-30 16:49:27.826457+00,2025-02-25 12:20:52.46417+00,BL1252 FLF25,Stone Barn Owl B,1,27.99,1
665,2022-02-21 13:57:43.778805+00,2025-02-25 12:20:52.512703+00,BL1056 BA279,Bee Art,4,49.99,1
1170,2024-12-05 11:38:23.555892+00,2025-02-28 11:37:37.110946+00,BL1738 BA684,Set of 2 Baskets Robin Liner,7,24.99,1
819,2023-01-30 16:27:17.579175+00,2025-03-09 12:38:51.527181+00,BL1237 BA17,Stone Twist Birdbath,0,27.99,1
157,2019-02-15 09:28:38.675058+00,2024-07-12 09:46:58.893072+00,BL478,CJ Wildlife Garden Birds seed mix 3ltr,0,3.99,1
1130,2024-10-17 11:22:17.134357+00,2025-03-09 12:38:51.583402+00,BL885 PF05,Leaf Bird Bath,1,24.99,1
158,2019-02-15 09:30:13.898821+00,2024-01-17 09:17:24.019442+00,BL475,CJ Wildlife Four seasons seed no wheat 3ltr,0,4.99,1
709,2022-07-20 15:46:56.454562+00,2024-05-24 09:00:20.991083+00,BL526 WA17,Tree of Life,3,49.99,1
1214,2025-03-10 09:45:48.041864+00,2025-03-12 09:33:42.177569+00,BL1680 ba621,Metal Fairy,1,29.99,1
475,2020-12-30 13:46:19.386858+00,2025-03-12 09:33:42.198117+00,BL823,British birds red robin needle felting kit,6,9.99,1
1145,2024-12-02 11:34:03.571319+00,2024-12-02 12:03:24.068108+00,BL1710,Puppy- Gift in a tin,18,9.99,1
550,2021-03-01 11:03:30.963925+00,2025-03-12 10:56:38.992905+00,BL939 XRL-RS01-F,Vivid Arts Baby Red Squirrel,0,14.99,1
149,2019-02-06 13:57:40.184776+00,2025-03-12 10:56:39.040672+00,BL332 XRL-PGON-D,Vivid Arts Pigeon,0,19.99,1
927,2023-09-25 09:14:21.427576+00,2025-03-14 09:49:23.652181+00,BL1447 LP43744,Rally Car,2,29.99,1
476,2020-12-30 13:48:42.514292+00,2024-07-19 10:55:15.047215+00,BL849,Red Squirrel needle felting kit,0,13.99,1
813,2023-01-30 16:20:32.849203+00,2024-07-19 10:58:55.172648+00,BL1231 AN34,Stone Frogs on Lilly,0,16.99,1
207,2019-06-12 14:25:33.080415+00,2024-07-12 09:46:18.814878+00,BL476,National Trust Peanuts 1.5ltr,0,3.99,1
759,2022-09-07 15:24:31.46864+00,2024-11-26 20:56:30.005142+00,BL1182,CJ Wildlife Peanut Butter for Birds Original,0,2.49,1
470,2020-12-30 13:43:54.146694+00,2024-07-19 11:32:13.957949+00,BL818,Baby hedgehog needle felting kit,0,12.99,1
1179,2024-12-05 12:24:23.558312+00,2024-12-05 12:24:23.558328+00,BL1747 BA688,Propeller Clock,2,44.99,1
889,2023-07-24 12:43:52.537279+00,2024-10-17 11:52:01.04361+00,BL1387 LP95445,Garden Birds Travel Cup,22,7.99,1
710,2022-07-20 15:48:03.237179+00,2024-01-12 09:42:48.125765+00,BL527 WA21,Tree of Life,2,49.99,1
223,2019-07-04 10:29:20.151631+00,2025-02-13 15:20:07.831105+00,BL230 XRL-KFSH-F,Vivid Arts Kingfisher on stump,0,16.99,1
268,2019-07-22 12:50:02.717407+00,2025-02-13 15:20:31.38761+00,BL312 PZ-GRAF-F,Vivid Arts Baby Giraffe,1,22.99,1
437,2020-10-13 16:34:13.133821+00,2025-01-20 21:37:05.862311+00,BL632,Hedgehog walkway sign Green paired,20,4.99,1
442,2020-10-15 10:57:22.011084+00,2025-01-20 21:39:27.113091+00,BL812,Winter Blue Tit Xmas Card,0,2.99,1
657,2022-02-15 15:19:33.911095+00,2025-02-13 15:29:05.623667+00,BL224 WBC-BT05-F,Vivid Arts Blue tit,0,13.99,1
740,2022-07-21 14:53:54.550561+00,2025-02-13 15:29:49.763055+00,BL1023 BG-TROB-F,Vivid Arts Blue Tit on trowel,0,12.99,1
641,2022-01-10 10:02:24.296744+00,2025-01-21 14:41:25.356203+00,BL1019 LP94521,Garden Birds Tray Large,3,7.99,1
746,2022-07-21 15:53:14.900993+00,2025-02-13 15:30:31.629067+00,BL1089 XMK-2361-D,Vivid Arts Mother and baby meerkat,1,24.99,1
774,2022-11-21 11:25:31.85534+00,2025-02-13 13:47:06.596847+00,BL322 XRL-PR10-D,VIVID ARTS Standing Dutch Rabbit,0,14.99,1
888,2023-07-17 17:55:33.781426+00,2025-01-22 14:58:54.385179+00,BL1386,Meg Hawkins Candle Highland Apple Orchard - Cow,4,9.99,1
882,2023-07-17 17:41:03.738253+00,2025-01-22 15:11:36.002874+00,BL1380,Meg Hawkins Doorstop Hare,4,12.99,1
884,2023-07-17 17:50:33.976644+00,2025-01-22 15:12:18.9533+00,BL1382 MH1066,Meg Hawkins Doorstop Highland cow,2,12.99,1
1032,2024-05-20 12:09:44.206633+00,2025-01-23 12:48:46.668813+00,BL1615,12in Robin Wall Clock and Thermometer,1,19.99,1
721,2022-07-21 11:56:36.917311+00,2025-01-24 08:30:10.439465+00,BL561 GM24,Scroll Mirror,1,48.99,1
715,2022-07-21 09:27:09.072461+00,2025-02-02 13:06:13.354651+00,BL1119 BA289,Tree of Life,2,32.99,1
903,2023-08-29 14:59:42.075838+00,2025-02-13 15:35:39.957475+00,BL1281 WBC-CHFF-D,Vivid Arts Chaffinch,2,15.99,1
727,2022-07-21 12:02:41.513981+00,2025-01-24 10:41:46.960859+00,BL1103 ba254,Ledburn Mirror,2,69.99,1
836,2023-01-30 16:52:16.685674+00,2025-02-02 13:06:13.36707+00,BL1265 MG17,Stone Carpe Diem Plaque,1,15.99,1
805,2023-01-23 14:14:58.441787+00,2025-01-27 12:09:50.704851+00,BL1261,Myrte Garden Birds Feeding Bowl,0,19.99,1
825,2023-01-30 16:32:41.72871+00,2025-02-02 13:09:52.723132+00,BL1243 BR3,Stone Love Doves,1,14.99,1
289,2019-07-31 11:15:15.401543+00,2025-01-28 14:56:16.835248+00,CBL6,Gift Aid Daily sales pads,13,16.61,1
828,2023-01-30 16:35:24.749008+00,2025-01-24 11:55:15.68767+00,BL1246 BR6,Stone Owl on Log,1,25.99,1
812,2023-01-30 16:19:26.385816+00,2025-02-02 13:09:52.643224+00,BL1230 AN32,Stone Hedgehog in Ball,0,11.99,1
418,2020-09-04 13:28:43.262851+00,2025-01-27 12:09:50.556724+00,BL795,4 X AA Duracell Batteries,2,3.99,1
1178,2024-12-05 12:22:59.844259+00,2025-01-27 12:09:50.603791+00,BL1746 BA689,Aeroplane Clock,3,69.99,1
786,2022-11-30 14:30:33.035439+00,2025-01-27 12:09:50.622678+00,BL1223 LP48904,BUTTERFLY GARDEN NOTEPAD AND PEN,0,3.99,1
922,2023-08-30 11:54:29.046537+00,2025-02-13 15:39:46.057726+00,BL1324 WBC-BLBD-D,Vivid Arts Blackbird,0,19.99,1
779,2022-11-21 11:47:59.193478+00,2025-02-02 13:06:13.318049+00,BL1060  RES16,BAKERS  Sitting Hare,1,25.99,1
644,2022-01-21 14:47:57.012876+00,2025-02-13 15:27:33.388325+00,BL342 PP-KT31-F,Vivid Arts Kitten Mix,0,14.99,1
180,2019-05-30 09:21:41.098818+00,2025-02-13 15:19:45.520043+00,BL519 XRL-HR01-D,Vivid ArtsMoon Gazing Hare Small,0,24.99,1
281,2019-07-22 13:11:49.899858+00,2025-02-13 15:20:52.314872+00,BL247 XRL-WSDK-B,Vivid Arts White standing duck,0,24.99,1
546,2021-03-01 10:58:45.042444+00,2025-02-13 15:24:23.200085+00,BL265 XRL-MUTE-B,Vivid Arts Swan,1,129.99,1
751,2022-07-21 15:59:46.312586+00,2025-02-13 15:31:09.562105+00,BL1093 XRL-RB10-D,Vivid Arts Standing Rabbits,0,24.99,1
178,2019-05-30 09:19:51.033295+00,2025-02-13 15:19:33.59465+00,BL517 XRL-HARE-D,Vivid Arts Young standing Hare,1,24.99,1
534,2021-03-01 10:43:36.802011+00,2025-02-13 15:23:35.150651+00,BL926 RL-PF07-B,Vivid Arts Playful Fox Cubs,0,79.99,1
650,2022-01-21 15:10:31.125893+00,2025-02-13 15:28:20.572797+00,BL1035 XRL-BUZZ-B,Vivid Arts Common Buzzard,1,59.99,1
284,2019-07-31 11:09:39.328733+00,2024-08-27 09:59:14.389381+00,CBL1,Gift Aid sign up pads,11,12.69,1
471,2020-12-30 13:44:18.406881+00,2023-11-10 19:47:19.672319+00,BL819,Baby bunny needle felting kit,0,9.99,1
491,2021-01-20 12:14:12.278737+00,2022-07-21 09:29:42.875603+00,BL876,BA12 Tree of life,2,59.99,1
419,2020-09-04 13:29:10.355246+00,2024-07-29 09:43:53.031139+00,BL796,4 X AAA Duracell Batteries,1,3.99,1
1112,2024-07-23 14:46:32.985185+00,2025-02-13 15:49:54.423112+00,BL1661 XRL-BLLB-D,Vivid Arts Black-White Lamb,0,27.99,1
1154,2024-12-05 11:04:36.562378+00,2024-12-05 11:04:36.562401+00,BL1722 BA651,Set of 4 Baskets,2,99.99,1
1146,2024-12-02 11:34:59.152232+00,2024-12-02 12:03:24.033439+00,BL1711,Farm - Gift in a tin,4,9.99,1
288,2019-07-31 11:12:37.264965+00,2024-06-04 12:02:39.939673+00,CBL5,Gift Aid sack label roll,2,20.00,1
928,2023-09-25 09:14:45.50472+00,2024-09-16 14:43:52.677846+00,BL1448 LP49675,Vintage Jeep,0,29.99,1
687,2022-04-21 13:56:43.499045+00,2024-08-29 08:33:03.200906+00,BL1077 LP72058,Cat dog backpack,3,5.99,1
829,2023-01-30 16:37:29.579821+00,2023-03-08 10:21:36.258514+00,BL1248 FLF16,Stone Lion Pair,0,64.99,1
716,2022-07-21 09:27:53.651805+00,2024-01-16 14:16:04.698367+00,BL1120,Tree of Life Large BA288,0,59.99,1
297,2019-07-31 11:21:51.604563+00,2025-02-14 10:59:03.115021+00,CBL14,Stickers -  stickos,105,1.55,1
444,2020-10-15 11:02:20.187972+00,2024-10-10 08:37:26.408589+00,BL814,Winter Great Tit Xmas Cards,0,2.99,1
295,2019-07-31 11:20:36.374445+00,2022-08-29 10:44:43.282579+00,CBL12,Gift Aid Cash envelopes,4950,0.10,1
643,2022-01-21 14:45:39.474166+00,2025-02-14 10:59:03.205413+00,BL214 NF-DM01-F,Vivid Arts Dormouse,4,9.99,1
652,2022-01-21 15:19:01.707966+00,2025-02-14 10:59:03.225177+00,BL1037 XRL-PFAL-B,Vivid Arts Peregrine Falcon,1,34.99,1
932,2023-09-29 10:45:08.507168+00,2025-02-14 10:59:03.43429+00,BL1440 CL475,Meg Hawkins Orange Cinnamon Diffuser - Robin,0,12.99,1
1111,2024-07-23 14:42:06.238572+00,2025-02-14 10:59:03.66443+00,BL1578 PP-RPAN-F,Vivid Arts Red Panda,2,19.99,1
660,2022-02-21 13:52:17.236485+00,2025-02-25 12:20:52.527963+00,BL1051 BA280,Bee Mirror,1,69.99,1
299,2019-07-31 11:23:53.32528+00,2025-02-28 11:37:37.043185+00,CBL16,Bank book,0,0.00,1
1120,2024-09-18 18:43:49.191218+00,2024-09-18 18:43:49.19166+00,BL1683 CL395,Room Mist- Blackberry and Bramble,12,7.99,1
1163,2024-12-05 11:26:36.054369+00,2025-02-28 11:37:37.127768+00,BL1731 BA670,Single Basket Robin  Liner,9,14.99,1
1171,2024-12-05 11:40:20.01547+00,2025-03-09 12:38:51.608484+00,BL1739 BA667,Bird Bath,2,14.99,1
704,2022-07-20 15:35:51.140517+00,2024-01-12 09:42:48.10244+00,BL1113,Tree of Life WA22,0,59.99,1
734,2022-07-21 12:07:30.35307+00,2024-04-18 11:24:09.955268+00,BL727,Scroll Mirror small,0,24.99,1
697,2022-05-30 08:39:30.137888+00,2024-07-11 07:30:51.744213+00,BL1085,National Trust Peanut Butter Orginal,0,2.99,1
694,2022-05-18 09:10:52.380154+00,2025-03-12 10:56:38.781073+00,BL1082,Brent Lodge Pens,1510,0.99,1
896,2023-07-24 12:56:19.056522+00,2025-03-14 09:49:23.725676+00,BL1394 LP49464,Vintage Camper Van Yellow,0,29.99,1
814,2023-01-30 16:21:28.945343+00,2024-07-19 10:59:12.033708+00,BL1232 AN35,Stone Bunnies and Carrot,0,19.99,1
333,2019-10-08 15:49:25.374638+00,2024-01-16 15:13:27.147007+00,OBL2,Frosty blue tit pack of 10,0,3.95,1
834,2023-01-30 16:50:16.48287+00,2024-08-24 10:52:31.609096+00,BL1253 FLF26,Stone Armorial Lion Large 2 man lift,0,84.99,1
472,2020-12-30 13:44:54.870866+00,2023-07-06 10:12:28.010439+00,BL820,British birds long-tailed tit needle felting kit,0,9.99,1
308,2019-08-29 12:56:13.636639+00,2024-10-17 11:11:57.591876+00,BL610,Brent Lodge Hedgehog walkway sign Green,15,2.99,1
1131,2024-10-17 11:29:42.995593+00,2024-10-17 11:29:42.995621+00,BL970 LP94516,Garden Birds Butter dish,1,9.99,1
890,2023-07-24 12:44:46.236441+00,2024-11-08 11:47:24.764163+00,BL1388 LP95446,Garden Birds Mugs,193,4.99,1
298,2019-07-31 11:23:25.470197+00,2024-12-13 11:27:06.891248+00,CBL15,Tagging Gun needles pack of 5,4,4.99,1
722,2022-07-21 11:57:52.218469+00,2025-01-24 10:36:05.053728+00,BL1098 gm10,Lancaster Mirror,1,49.99,1
535,2021-03-01 10:44:33.542542+00,2025-02-13 15:23:45.254096+00,BL927 RL-PF08-B,Vivid Arts Playful dormice door,0,26.99,1
1172,2024-12-05 12:12:13.802971+00,2025-01-27 12:09:50.665233+00,BL1740 BA659,Badger,34,14.99,1
705,2022-07-20 15:37:10.486811+00,2025-01-21 15:36:28.449572+00,BL873,Tree of Life BA120,2,59.99,1
820,2023-01-30 16:28:16.126153+00,2025-02-02 13:09:52.69659+00,BL1238 BA39,Stone Hands Feeder,1,13.99,1
307,2019-08-29 12:55:32.131482+00,2025-01-20 21:06:00.397009+00,BL609,Brent Lodge Hedgehog Walkway Signs Black,10,2.99,1
380,2020-02-10 11:26:09.699369+00,2025-02-13 15:22:16.369424+00,BL723 XRL-FCB5-A,Vivid Arts Fox cub with Mother,1,124.99,1
646,2022-01-21 14:54:12.740892+00,2025-02-13 15:27:50.653845+00,BL353 PZ-ELPH-F,Vivid Arts Baby Elephant,0,16.99,1
826,2023-01-30 16:33:36.908549+00,2025-02-02 13:09:52.731923+00,BL1244 BR4,Stone Duck Swimming,2,15.99,1
935,2023-09-29 10:55:43.031549+00,2025-01-22 15:21:49.34743+00,BL1445 MH1067,Meg Hawkins Mug and Coaster set- Bee,0,9.99,1
1138,2024-10-29 11:38:49.450726+00,2025-01-22 16:07:59.397026+00,BL1703,NT Table Seed Mix 1 kg CJ Wildlife,0,2.99,1
793,2023-01-11 11:26:37.720369+00,2025-02-13 15:33:17.044604+00,BL1025 HGF-031,Vivid Arts Hanging Robin Heart Feeder,2,14.99,1
918,2023-08-30 11:48:02.759266+00,2025-02-13 15:37:41.112459+00,BL220 XRL-HERM-F,Vivid Arts Hermann Tortoise,2,17.99,1
729,2022-07-21 12:04:38.873329+00,2025-01-24 10:42:22.379929+00,BL1104 ba44,Cassiobury Mirror,1,69.99,1
369,2020-02-10 09:51:41.50258+00,2025-02-13 11:07:41.852577+00,BL328 BG-GGKO-F,Vivid arts Gecko,4,19.99,1
842,2023-02-06 13:38:25.698574+00,2025-01-24 12:26:55.739365+00,BL1270 WL-GN01-D,Wood Life Gnome D,1,9.99,1
286,2019-07-31 11:11:19.429754+00,2025-01-28 14:56:16.870823+00,CBL3,Gift Aid product sticker sheets,980,0.50,1
189,2019-06-10 14:49:21.890033+00,2025-01-27 12:09:50.583758+00,BL900,AN90 Bakers metal garden robins,0,4.99,1
840,2023-02-06 13:35:33.545609+00,2025-02-13 15:34:17.676614+00,BL1268 RL-AT83-D,Vivid Arts Sitting Playful Kitten Tabby D,0,14.99,1
292,2019-07-31 11:18:13.389738+00,2025-01-28 14:56:16.818328+00,CBL9,Tagging gun,2,14.50,1
294,2019-07-31 11:19:40.494656+00,2025-02-10 12:18:06.058471+00,CBL11,Gift Aid Hanging tickets,2160,0.04,1
382,2020-02-14 13:25:18.333629+00,2025-02-10 12:18:06.081836+00,CBL19,Strung tags,5,11.65,1
372,2020-02-10 11:05:46.608913+00,2025-02-13 15:22:02.581362+00,BL721 WBS-RB01-F,Vivid Arts Singing Robin on stump,5,18.99,1
645,2022-01-21 14:52:38.353499+00,2025-02-13 15:27:41.866164+00,BL783 PZ-CHM3-F,Vivid Arts Sitting Baby chimp,2,16.99,1
693,2022-04-25 11:47:12.395003+00,2025-02-13 15:29:19.066743+00,BL790 XRL-KEST-D,Vivid Arts RL Kestrel,0,22.99,1
741,2022-07-21 14:55:14.662755+00,2025-02-13 15:29:56.249205+00,BL1024 BG-TROW-F,Vivid Arts Robin On Trowel,0,9.99,1
745,2022-07-21 15:52:31.674996+00,2025-02-13 15:30:25.200784+00,BL750 XMK-2360-B,Vivid Arts Hugging Meerkats,2,26.99,1
776,2022-11-21 11:38:06.901995+00,2025-02-13 15:32:10.083911+00,BL751  XRL-BARN-B,Vivid Arts Real Life Barn Owl,0,44.99,1
917,2023-08-30 11:47:13.546131+00,2025-02-13 15:37:29.951036+00,BL1043 XRL-TARA-D,Vivid Arts Tarantula,0,32.99,1
923,2023-08-30 11:55:44.156679+00,2025-02-13 15:39:55.945236+00,BL1041 XRL-SDOG-F,Vivid Arts Sheepdog,1,34.99,1
236,2019-07-04 10:48:53.416896+00,2025-02-13 15:20:19.131423+00,BL416 XRL-FCB4-D,Vivid Arts Sitting Fox Cub,0,34.99,1
775,2022-11-21 11:33:01.770855+00,2025-02-13 15:31:57.167098+00,BL757  XRL-SNOW-B,Vivid Arts Real Life Snowy Owl,1,39.99,1
780,2022-11-21 11:51:41.86828+00,2025-02-13 15:32:32.419277+00,BL369  XRL-BARN-F,Vivid Arts Barn Owl small,0,14.99,1
781,2022-11-21 11:54:22.532531+00,2025-02-13 15:32:43.51841+00,BL949  XRL-LEAR-B,Vivid Arts Long eared owl,0,44.99,1
846,2023-02-06 13:43:18.286475+00,2025-02-13 15:34:27.779387+00,BL242 XRL-FROG-F,Vivid Arts Frog,0,12.99,1
1113,2024-07-23 14:48:42.247908+00,2025-02-13 15:50:01.675138+00,BL1662 XRL-CHM2-F,Vivid Arts Baby Chimp,1,17.99,1
1121,2024-09-18 18:45:19.45604+00,2024-09-18 18:45:19.456056+00,BL1685 CL397,Room Mist- Rosehip and Birchwood,12,7.99,1
688,2022-04-21 13:58:24.00984+00,2024-02-05 14:28:12.939886+00,BL1078 LP34059,Country Life Ducks Mug,0,4.99,1
287,2019-07-31 11:12:05.430888+00,2025-02-14 10:59:03.124652+00,CBL4,Weekly takings yearly pad white-yellow,16,2.50,1
844,2023-02-06 13:39:45.594914+00,2025-02-14 10:59:03.29372+00,BL1272 WL-ROBN-F,Wood Life Robin F,0,4.99,1
285,2019-07-31 11:10:41.427648+00,2024-10-10 13:37:36.927751+00,CBL2,Gift Aid sign up sheets,507,0.50,1
897,2023-07-24 12:57:39.559175+00,2025-03-14 09:49:23.7398+00,BL1395 LP49463,Vintage Camper Van Red,6,29.99,1
1147,2024-12-02 11:36:57.07798+00,2025-02-14 10:59:03.672463+00,BL1712,Metal Bumble Bee - Hand painted,8,7.99,1
385,2020-02-26 11:35:44.918376+00,2024-01-16 14:55:26.663643+00,BL730,Bakers set of 2 planters PL69,0,29.99,1
1164,2024-12-05 11:27:51.658181+00,2025-02-28 11:37:37.152982+00,BL1732 BA671,Single Basket Star Liner,9,14.99,1
798,2023-01-19 14:12:28.814853+00,2025-03-12 09:33:42.216869+00,BL1226,Chirpy Chicks Needle Felting Kit,4,9.99,1
1155,2024-12-05 11:06:23.604886+00,2024-12-05 11:06:23.604924+00,BL1723 BA648,Set of 3 Baskets,4,59.99,1
358,2019-10-22 13:26:41.72508+00,2024-11-01 15:52:22.488222+00,BL688 LP51232,Santa Advent Calendar,0,14.99,1
790,2023-01-11 11:10:29.11655+00,2024-01-17 13:05:51.460669+00,BL874 BA121,Tree of Life,0,49.99,1
784,2022-11-30 14:29:25.998955+00,2025-03-12 10:56:38.974813+00,BL1221 LP95167,Owls Mug,0,3.99,1
260,2019-07-17 16:11:07.380108+00,2024-04-08 11:56:51.931267+00,BL570,PL38 Floral Bike planter,0,29.99,1
293,2019-07-31 11:18:46.258449+00,2024-11-27 09:18:16.915988+00,CBL10,Tagging gun Ammo,6,4.50,1
919,2023-08-30 11:49:16.640122+00,2025-03-12 10:56:39.013242+00,BL1421 XBC-LT23-D,Vivid Arts C.R. Letterbox Birdhouse,2,29.99,1
1122,2024-09-18 18:50:24.75933+00,2024-10-29 17:44:41.400791+00,BL1687 MH118,Meg Hawkins Vase- Highland Cow,1,17.99,1
787,2023-01-11 10:31:12.593165+00,2024-10-10 13:37:37.013805+00,BL183,Wildlife Pencil,0,0.49,1
809,2023-01-30 14:17:35.41897+00,2024-07-19 10:57:42.584286+00,BL1227 AN22,Stone Peter Rabbit,0,29.99,1
557,2021-06-22 13:04:05.007555+00,2023-08-07 12:43:11.786541+00,BL944 MW06-018,Opening Dome House Fairy Door,3,9.99,1
1156,2024-12-05 11:08:08.537687+00,2024-12-05 11:08:08.537703+00,BL1724 BA650,Set of 3 Baskets,4,59.99,1
467,2020-12-30 13:42:17.784516+00,2024-10-29 17:44:41.499087+00,BL815,Sleepy badger needle felting kit,0,12.99,1
1165,2024-12-05 11:29:32.043712+00,2024-12-05 11:29:32.043727+00,BL1733 BA674,Set of 3 Baskets Robin Liner,8,22.99,1
718,2022-07-21 11:53:49.24283+00,2022-07-21 11:53:49.242857+00,BL1049,Shillington Mirror,2,69.99,1
803,2023-01-23 14:13:53.123555+00,2024-09-16 14:43:52.629135+00,BL1259,Hedgehog Bowl Myrte,0,4.99,1
1173,2024-12-05 12:13:34.69869+00,2024-12-05 12:13:34.698708+00,BL1741 BA660,Rabbit,36,14.99,1
898,2023-07-24 13:12:57.768968+00,2024-10-16 11:32:39.65927+00,BL1396 LP49680,Vintage Classic Car Green,1,29.99,1
1181,2024-12-05 12:26:52.371566+00,2024-12-05 12:26:52.371583+00,BL1749 BA700,Engine Wall Clock,4,49.99,1
791,2023-01-11 11:11:49.236589+00,2023-01-11 11:11:49.236617+00,BL881,Balancing Robin,1,17.99,1
147,2019-02-06 13:55:27.601132+00,2024-08-26 08:35:29.471236+00,BL495 XRL-BEAR-D,Vivid Arts Brown Bear Cub,1,34.99,1
473,2020-12-30 13:45:20.589916+00,2024-01-16 15:43:01.992967+00,BL821,Jenny wren needle felting kit,0,9.99,1
881,2023-07-17 17:38:40.153051+00,2024-09-25 11:09:25.693414+00,BL1379,Meg Hawkins Doorstop Stag,2,12.99,1
1140,2024-10-29 11:40:39.29354+00,2024-11-26 20:56:30.107986+00,BL1705,NT Premium Sunflower Hearts 1kg CJ Wildlife,0,3.99,1
766,2022-09-08 11:05:42.621121+00,2024-09-16 14:43:52.494695+00,BL1189,Diecast Assted Boxed Cars,0,1.99,1
815,2023-01-30 16:23:19.293692+00,2023-10-06 07:43:07.007788+00,BL1233 AN43,Stone Mr Rabbit Bird Feeder,0,34.99,1
394,2020-03-05 10:18:22.743455+00,2024-10-10 13:37:36.981145+00,CBL20,Supporter cards,4395,0.00,1
772,2022-11-21 11:16:46.906127+00,2024-10-10 13:37:37.005814+00,BL1216 NF-TRTA-B,Vivid Arts Natures Friends Tortoise,2,26.99,1
880,2023-07-17 17:36:52.649337+00,2025-01-22 15:05:35.77499+00,BL1378,Meg Hawkins Clock Stag,0,14.99,1
408,2020-06-24 10:53:47.937297+00,2025-02-13 15:22:34.889372+00,BL764 XRL-BADG-A,Vivid Arts Large Badger,0,119.99,1
552,2021-03-01 11:07:55.718621+00,2025-02-13 15:25:07.621761+00,BL941 XRL-RS10-A,Vivid Arts Running Red Squirrel,1,32.99,1
1180,2024-12-05 12:25:43.092302+00,2025-01-27 12:09:50.610512+00,BL1748 BA687,Aeroplane Clock,3,59.99,1
782,2022-11-21 11:56:39.063602+00,2025-02-13 15:32:53.387114+00,BL389  XRL-LTWL-D,Vivid Arts Little owl,0,26.99,1
389,2020-02-26 11:39:09.77315+00,2025-01-20 21:34:05.986155+00,BL734,Bakers set of 2 Tables,0,24.99,1
559,2021-06-22 13:05:09.4838+00,2025-01-21 14:30:19.753939+00,BL946 MW04-012,Rabbit Family Pack dolls house size,24,1.99,1
647,2022-01-21 14:56:55.903044+00,2025-02-13 15:27:57.586834+00,BL784 PZ-GRLA-F,Vivid Arts Baby Gorilla,2,16.99,1
689,2022-04-21 14:03:05.284418+00,2025-01-21 15:30:19.496629+00,BL1079 LP44917,Vintage Train Red,0,24.99,1
730,2022-07-21 12:05:38.399054+00,2025-01-21 15:41:24.572329+00,BL1105 BA239,Small Leavesdon Mirror,2,24.99,1
290,2019-07-31 11:16:05.06534+00,2025-02-10 12:18:06.033922+00,CBL7,loyalty cards,0,0.10,1
883,2023-07-17 17:46:25.167644+00,2025-01-22 15:10:29.827093+00,BL1381,Meg Hawkins Doorstop Bee,2,12.99,1
911,2023-08-30 11:36:50.842482+00,2025-02-13 15:36:16.849541+00,BL1039 XRL-RS02-F,Vivid Arts Sleeping Baby Red Squirrel,0,16.99,1
912,2023-08-30 11:38:12.785318+00,2025-02-13 15:36:23.105307+00,BL1283 WBC-THRH-D,Vivid Arts Song Thrush,0,19.99,1
5,2019-01-21 13:37:06.702551+00,2025-02-10 12:18:05.929931+00,BL29,Hedgehog blank cards,0,1.99,1
1132,2024-10-17 11:40:53.457102+00,2025-01-23 15:34:39.689378+00,BL1200 BA375,Beehive Spinner,0,22.99,1
1148,2024-12-02 11:38:11.513807+00,2025-01-23 15:40:10.050923+00,BL1713,Bee Wall Clock,4,14.99,1
905,2023-08-29 15:03:00.785975+00,2025-02-13 15:35:54.256091+00,BL1180,Vivid Arts Silver Birch Squirrel,1,12.99,1
319,2019-09-10 15:13:15.84633+00,2025-02-13 15:21:40.160037+00,BL273 XRL-PHST-A,Vivid Arts Pheasant,2,74.99,1
724,2022-07-21 12:00:21.112848+00,2025-01-24 10:39:01.025128+00,BL1100 ba253,Chatteris Mirror,3,69.99,1
723,2022-07-21 11:59:07.197731+00,2025-01-24 10:38:21.489349+00,BL1099 ba250,Hockliffe Mirror,1,54.99,1
711,2022-07-20 15:49:14.146622+00,2025-01-24 10:45:26.75213+00,BL1116 ba222,Tree of Life,2,45.99,1
717,2022-07-21 09:29:02.074559+00,2025-01-24 10:51:25.145335+00,BL1121 BA198,Tree Art,3,29.99,1
768,2022-10-25 09:25:20.96517+00,2025-01-24 10:59:24.258952+00,BL1210,Scenic Deer Xmas Cards,3,3.99,1
843,2023-02-06 13:39:00.418902+00,2025-01-24 12:28:02.826385+00,BL1271 WL-GN01-F,Wood Life Small Gnome F,2,4.99,1
279,2019-07-22 13:08:59.30601+00,2025-02-13 15:20:41.445233+00,BL584 XRL-PTIG-D,Vivid Arts Playful Tiger cub,1,37.99,1
821,2023-01-30 16:29:06.600193+00,2025-02-02 13:09:52.710159+00,BL1239 BR1,Stone Birds on Log Feeder,1,15.99,1
312,2019-09-10 14:57:08.972667+00,2025-02-13 15:21:15.07611+00,BL307 NF-OTTA-F,Vivid Arts Otter,1,12.99,1
794,2023-01-11 11:35:26.640993+00,2025-02-13 15:33:23.700286+00,BL1141 BG-PC22-G,Vivid Arts Hanging Squirrel Pine Cone G,2,9.99,1
754,2022-07-21 16:02:01.601825+00,2025-02-13 15:31:27.466394+00,BL1095 XRL-RB16-B,Vivid Arts Real Life Large Rabbit,0,37.99,1
85,2019-01-22 16:58:02.968808+00,2025-02-13 10:46:58.180761+00,BL343 PZ-TIGR-F,Vivid Arts Tiger Cub,0,19.99,1
566,2021-07-02 12:15:25.821739+00,2025-02-13 15:25:42.168114+00,BL637 BG-SR44-G,Vivid Arts Unicorn on star,2,2.99,1
795,2023-01-11 11:36:01.183357+00,2025-02-13 15:33:35.604801+00,BL1144 BG-PC24-G,Vivid Arts Hanging Robin Pine Cone G,2,9.99,1
904,2023-08-29 15:01:26.162133+00,2025-02-13 15:35:45.913737+00,BL1276 HGR-019,Vivid Arts Hanging Robin with chicks,0,17.99,1
1114,2024-07-23 14:51:11.225371+00,2025-02-13 15:50:09.936841+00,BL1663 XRL-GRLA-D,Vivid Arts Baby Gorilla,3,22.99,1
748,2022-07-21 15:56:27.575203+00,2025-02-14 10:59:03.261419+00,BL406 XRL-FYFB-D,Vivid Arts Flying Fruit Bat,1,24.99,1
558,2021-06-22 13:04:37.613064+00,2024-10-17 11:27:59.844537+00,BL945 MW04-027,Robin Mail Robin Xmas Courier,11,9.99,1
640,2022-01-10 10:01:55.352349+00,2025-02-14 10:59:03.315931+00,BL1018 LP48385,Butterfly Garden Doorstop,0,12.99,1
743,2022-07-21 15:06:22.194251+00,2025-03-12 10:56:39.058753+00,BL1030 RL-OTTR-B,Vivid Arts Standing Otter,2,26.99,1
891,2023-07-24 12:46:11.817302+00,2024-10-29 17:44:41.36169+00,BL1389 LP95451,Garden Birds Butter Dish,1,12.99,1
631,2021-10-26 12:57:32.3922+00,2025-03-12 09:33:42.241484+00,BL1008 BA261,Tree Of Life Dream Catcher,0,8.99,1
737,2022-07-21 12:10:17.600189+00,2025-03-12 09:33:42.251152+00,BL1111,Tree of Life Large BA291,1,49.99,1
556,2021-06-22 13:03:10.47687+00,2023-08-07 12:43:11.799309+00,BL943 MW06-017,Opening Tree Truck Fairy Door,3,9.99,1
712,2022-07-20 15:57:24.391709+00,2024-01-16 14:14:46.691522+00,BL1117 BA283,Tree of Life,0,25.99,1
762,2022-09-08 10:56:41.389809+00,2025-03-12 10:56:38.938783+00,BL1185,Garden Owl Ornament,4,2.99,1
899,2023-07-24 13:13:29.977971+00,2025-03-14 09:49:23.684846+00,BL1397 LP42171,Vintage Classic Car Red,0,29.99,1
159,2019-02-15 09:30:53.81401+00,2024-04-18 10:29:47.153718+00,BL480,CJ Wildlife Birch Nest logs,0,12.99,1
1166,2024-12-05 11:31:37.166721+00,2024-12-05 11:31:37.166738+00,BL1734 BA675,Set of 3 Baskets Star Liner,8,22.99,1
816,2023-01-30 16:24:16.349941+00,2024-07-19 10:59:28.889149+00,BL1234 AN44,Stone Mr Badger,0,14.99,1
637,2021-12-29 14:02:36.368553+00,2024-01-17 09:17:24.100537+00,BL964,CJ Wildlife Wheat Free No Mess 3ltr,0,4.99,1
713,2022-07-21 09:25:05.683825+00,2024-05-24 09:00:21.077328+00,BL1118,Tree of Life BA05,0,39.99,1
629,2021-10-26 12:56:19.801256+00,2024-05-24 09:00:21.056845+00,BL1005 BA167,Wall Dial,1,29.99,1
892,2023-07-24 12:46:45.119976+00,2024-07-23 12:05:19.265138+00,BL1390 LP45707,Vintage Red Fire Engine,8,29.99,1
630,2021-10-26 12:56:55.336698+00,2024-05-24 09:00:21.067467+00,BL1006 BA166,Wall Compass,1,29.99,1
690,2022-04-21 14:04:39.568972+00,2023-08-07 12:43:12.337751+00,BL1080 LP44918,Vintage Train Green,0,19.99,1
831,2023-01-30 16:47:38.409909+00,2023-03-08 10:21:36.315703+00,BL1250 FLF21,Stone Regal Lion,0,69.99,1
810,2023-01-30 16:17:17.493654+00,2023-07-06 12:14:37.783494+00,BL1228 AN23,Stone Hare,0,29.99,1
769,2022-10-25 09:25:38.293464+00,2024-08-29 08:33:03.224319+00,BL1211,Fat Robin Xmas Cards,0,3.99,1
731,2022-07-21 12:06:04.608997+00,2023-06-29 09:08:18.518029+00,BL1106 BA245,Small Shillington Mirror,1,24.99,1
788,2023-01-11 10:49:13.528721+00,2023-05-18 13:35:45.714739+00,BL569 PL73,Bike Planter,0,22.99,1
1133,2024-10-17 11:46:43.695226+00,2024-10-17 11:46:43.695244+00,BL1297 BA406,Top Hat Rocker,2,25.99,1
1149,2024-12-02 11:39:29.426869+00,2024-12-02 12:03:24.052967+00,BL1714,Fighter Plane - Gift in a tin,4,9.99,1
627,2021-10-26 12:54:40.896788+00,2022-05-05 12:02:44.067283+00,BL1003 BA164,Arlesey Mirror,1,69.99,1
939,2023-09-29 11:00:28.211235+00,2024-08-27 09:59:14.453715+00,BL1449 MH170,Meg Hawkins Highland Cow Clock,3,14.99,1
1182,2024-12-05 12:27:39.821591+00,2024-12-05 12:27:39.82161+00,BL1750 BA686,Engine Wall Clock,3,49.99,1
608,2021-09-08 15:27:50.037507+00,2024-10-17 11:29:07.151185+00,BL961,CJ Wildlife Birch Log 32mm hole,0,12.99,1
1141,2024-10-29 11:41:29.451175+00,2024-10-29 17:44:41.413701+00,BL1706,NT Dried Mealworms 250g CJ Wildlife,0,3.99,1
1157,2024-12-05 11:10:12.297234+00,2024-12-05 11:10:12.297263+00,BL1725 BA649,Set of 4 Baskets,4,49.99,1
878,2023-07-17 17:35:14.028472+00,2024-11-26 20:56:30.088459+00,BL1376,Meg Hawkins Clock Hare,0,14.99,1
599,2021-09-01 10:16:24.696317+00,2022-09-02 10:31:18.575639+00,CBL21,AA Batteries pack of 6,0,2.99,1
822,2023-01-30 16:29:57.649442+00,2023-10-06 07:43:06.998555+00,BL1240 BR10,Stone Gemima Puddleduck,0,39.99,1
719,2022-07-21 11:54:50.349331+00,2022-07-22 13:15:21.675439+00,BL1096,Arch Mirror,1,47.99,1
628,2021-10-26 12:55:20.495471+00,2023-01-19 12:29:50.718836+00,BL1004 GM22,Chinor Mirror,2,34.99,1
707,2022-07-20 15:39:34.591739+00,2024-07-12 11:20:06.506325+00,BL872 BA116,Woodland Tree of Life,1,49.99,1
54,2019-01-22 16:09:34.819844+00,2025-02-13 10:32:43.973366+00,BL228 XRL-HH03-F,Vivid Arts Sleeping baby hedgehog,0,10.99,1
606,2021-09-08 15:25:57.940051+00,2025-01-09 08:47:20.007522+00,BL959,CJ Wildlife National Trust Duck Swan Food,0,2.99,1
318,2019-09-10 15:10:41.188429+00,2025-02-13 15:21:27.106518+00,BL266 XRL-MLLD-A,Vivid Arts Mallard Duck,0,57.99,1
142,2019-02-06 13:45:51.02072+00,2025-02-13 10:51:30.118056+00,BL490 WBC-GWPK-B,Vivid Arts Green Woodpecker,0,44.99,1
742,2022-07-21 15:05:27.135854+00,2025-02-13 15:30:03.080512+00,BL1029 RL-OTTL-B,Vivid Arts Laying Otter,0,32.99,1
635,2021-12-17 13:38:16.842318+00,2025-01-21 14:35:27.612747+00,BL1016 LP93887,Bees butter dish,0,9.99,1
638,2021-12-29 15:48:10.779936+00,2025-01-21 14:39:17.254842+00,BL1002 LP52036,Santa Xmas Mug and Coaster set,3,6.99,1
642,2022-01-10 10:02:53.463776+00,2025-01-21 14:45:57.140827+00,BL1020 LP48386,Garden Birds Doorstop,3,12.99,1
669,2022-02-21 17:42:20.416118+00,2025-01-21 15:27:52.861673+00,BL1046,Lion Storage Footstool,2,39.99,1
877,2023-07-17 17:34:13.821125+00,2025-01-22 15:02:28.845185+00,BL1375,Meg Hawkins Candle Orange and Cinammon - Robin,5,9.99,1
885,2023-07-17 17:51:56.97855+00,2025-01-22 15:29:17.608315+00,BL1383,Meg Hawkins Rubber Wood Board Hare,0,13.99,1
936,2023-09-29 10:56:32.809311+00,2025-01-22 15:31:38.296434+00,BL1443 MH1075,Meg Hawkins Set of 3 Mini Diffusers,3,17.99,1
933,2023-09-29 10:52:40.160872+00,2025-01-22 15:38:37.165386+00,BL1442 MH1054,Meg Hawkins Set of 4 Robin Coasters,43,4.99,1
1123,2024-09-18 18:51:46.378829+00,2025-01-22 15:45:52.669908+00,BL1690 MH1121,Meg Hawkins Vase-Highland cow,1,15.99,1
1174,2024-12-05 12:18:24.809627+00,2025-01-27 12:09:50.698808+00,BL1742 BA658,Mouse,34,14.99,1
725,2022-07-21 12:01:22.022882+00,2025-01-24 10:40:35.861874+00,BL1101 ba252,Rotherwell Mirror,2,69.99,1
783,2022-11-21 11:58:48.761733+00,2025-02-13 15:33:04.381886+00,BL588  XRL-AFGP-D,Vivid Arts African Gray Parrot,1,19.99,1
827,2023-01-30 16:34:27.634108+00,2025-01-24 11:49:31.400777+00,BL1245 BR5,Stone Duck Resting,1,15.99,1
804,2023-01-23 14:14:24.225206+00,2025-01-27 12:09:50.710616+00,BL1260,Myrte Garden Birds Water Dish,0,19.99,1
296,2019-07-31 11:21:04.691703+00,2025-01-28 14:56:16.811473+00,CBL13,Non Gift Aid hanging tickets,8,6.70,1
777,2022-11-21 11:44:57.779788+00,2025-02-13 15:32:21.316633+00,BL754  XRL-MCW5-B,Vivid Arts Red Macaw Perched,0,44.99,1
74,2019-01-22 16:51:20.356427+00,2025-02-13 10:40:45.118667+00,BL319 XRL-FCB1-D,Vivid Arts Standing Fox Cub,0,26.99,1
540,2021-03-01 10:50:07.44005+00,2025-02-13 15:23:52.560599+00,BL587 XRL-HARE-B,Vivid Arts Standing Hare,1,54.99,1
773,2022-11-21 11:23:08.350148+00,2025-02-13 13:45:51.516333+00,BL1217 BG-TWNY-D,VIVID ARTS Tawny owl on branch,0,18.99,1
796,2023-01-11 11:37:15.960718+00,2025-02-13 15:33:42.786403+00,BL1159 BG-XS80-G,Vivid Arts Hanging Robin Xmas T Stump,0,8.99,1
906,2023-08-29 15:04:35.222154+00,2025-02-13 14:17:39.365943+00,BL1280 SB-RB51-D,Silver Birch Bird House Feeder,2,32.99,1
924,2023-08-30 11:56:23.748493+00,2025-02-13 15:40:05.269362+00,BL1220 NF-PNDA-B,Vivid Arts Panda,1,22.99,1
544,2021-03-01 10:57:18.324622+00,2025-02-13 15:24:11.674748+00,BL934 XRL-HRON-A,Vivid Arts Heron,0,89.99,1
583,2021-07-02 13:09:57.529861+00,2025-02-13 15:25:31.845271+00,BL844 NF-PP52-F,Vivid Arts Mother Baby Snowball Polar Bear,0,9.99,1
653,2022-01-21 15:46:53.057226+00,2025-02-13 15:28:39.438666+00,BL756 XRL-PR06-F,Vivid Arts Baby Dutch Rabbit,0,7.99,1
913,2023-08-30 11:40:21.162781+00,2025-02-13 15:36:31.753346+00,BL697 BG-RB05-D,Vivid Arts Robin on Rusty Pail,0,22.99,1
605,2021-09-08 15:24:45.563401+00,2024-04-25 10:15:24.866912+00,BL958,CJ Wildlife National Trust Table Seed 1.5 ltr,0,3.49,1
604,2021-09-08 15:23:11.541544+00,2024-04-25 10:15:24.848029+00,BL957,CJ Wildlife National Trust Feeder Seed 3 ltr,0,3.99,1
1040,2024-05-30 13:35:42.877778+00,2024-10-29 17:44:41.288338+00,BL1508 DI-5233,Beware of dog cat is shady sign,3,8.99,1
830,2023-01-30 16:46:41.083619+00,2023-02-11 12:18:04.45407+00,BL1249 FLF17,Stone Armorial Lion,0,44.99,1
941,2023-10-04 09:35:30.892464+00,2024-07-12 13:33:56.418418+00,BL1401 BA387,Robin Heart Stake,2,9.99,1
965,2023-12-11 11:50:55.690971+00,2024-05-03 13:55:12.069671+00,BL1512,Meg Hawkins Set of 4 Placemats Hare,7,14.99,1
849,2023-03-27 14:59:40.813627+00,2024-10-17 11:47:23.75671+00,BL1308,Freewheel diecast tractor and trailer,1,7.99,1
859,2023-06-29 09:08:52.857242+00,2023-06-29 09:08:52.85728+00,BL1365 GM07,Small leaf mirror,1,24.99,1
864,2023-06-29 09:20:08.093601+00,2023-06-29 09:20:34.660206+00,BL1366 BA285,Tree of life,4,49.99,1
1158,2024-12-05 11:17:01.319049+00,2024-12-05 11:17:01.319067+00,BL1726 BA652,Set of 3 Baskets,4,79.99,1
861,2023-06-29 09:13:51.028192+00,2024-07-12 13:12:07.865543+00,BL1203 BA365,Sun and Moon,2,24.99,1
893,2023-07-24 12:47:18.931903+00,2025-02-14 10:59:03.337033+00,BL1391 LP43745,Vintage 4X4,0,29.99,1
852,2023-03-27 15:01:10.31607+00,2024-07-12 13:22:40.823077+00,BL1311,Explorer walkie talkies,1,12.99,1
949,2023-10-26 12:12:41.809212+00,2024-07-29 09:43:53.157244+00,BL1473 LP72974,Vintage Racing Car Green,1,29.99,1
950,2023-10-26 12:13:12.841454+00,2024-07-29 09:43:53.16318+00,BL1474 LP72975,Vintage Racer,0,29.99,1
951,2023-10-26 12:13:51.562153+00,2024-07-29 09:43:53.168633+00,BL558 LP72976,Vintage Spitfire,0,29.99,1
879,2023-07-17 17:36:10.486654+00,2024-04-18 12:21:28.64301+00,BL1377,Meg Hawkins Clock Pheasant,0,14.99,1
858,2023-05-24 09:10:53.970034+00,2024-02-05 14:28:12.988053+00,BL1334 LP99882,Classic Planes Mug,0,3.99,1
851,2023-03-27 15:00:51.805498+00,2024-08-27 09:59:14.273733+00,BL1310,2070 Premium tractor,7,7.99,1
894,2023-07-24 12:47:46.525374+00,2024-01-17 13:37:13.962541+00,BL1392 LP42179,Vintage 4X4,0,29.99,1
860,2023-06-29 09:11:48.191837+00,2024-08-26 08:42:56.175012+00,BL1313,Tranquil Buddha Plaque BA444,0,29.99,1
946,2023-10-05 09:12:25.781905+00,2024-01-15 11:20:32.738192+00,BL1470,Premium Hedgehog Biscuits 1.75kg,0,9.99,1
947,2023-10-05 09:13:53.999634+00,2024-10-17 11:59:10.392419+00,BL1471,Deluxe XXL Wooden Hedgehog House,1,99.99,1
1124,2024-09-18 18:53:08.634473+00,2024-10-29 17:44:41.395232+00,BL1688 MH119,Meg Hawkins Vase- Hare,1,17.99,1
865,2023-06-29 09:25:01.172574+00,2024-05-17 08:26:34.682306+00,BL1360 BA299,Sun Plaque,3,39.99,1
862,2023-06-29 09:14:38.091379+00,2024-02-10 10:09:51.224467+00,BL1206 BA376,Sml Woodland Tree Of Life,0,29.99,1
929,2023-09-29 10:40:37.241304+00,2025-02-14 10:59:03.409202+00,BL1436 CL392,Meg Hawkins Elderflower  Pear Blossom Diffuser - Stag,11,12.99,1
930,2023-09-29 10:42:22.34427+00,2025-02-14 10:59:03.416913+00,BL1438 CL393,Meg Hawkins Rosehip  Birchwood Diffuser - Pheasant,2,12.99,1
1150,2024-12-02 11:40:25.17783+00,2024-12-02 12:03:24.100822+00,BL1715,Santas Adventure- Gift in a tin,6,9.99,1
938,2023-09-29 10:59:40.491223+00,2025-02-14 10:59:03.442969+00,BL1439 MH150,Meg Hawkins Robin Mug and Coaster Set,0,9.99,1
962,2023-11-06 13:55:22.73049+00,2024-07-11 07:30:51.880661+00,BL1485,Ducks in Wellies Decoir Mat 75x45cm,6,12.99,1
957,2023-11-06 13:53:48.358676+00,2024-05-12 10:37:07.752131+00,BL1480,Wipe Your Paws Decoir Mat 75x45cm,0,12.99,1
955,2023-11-06 13:52:58.867173+00,2024-07-12 13:39:56.669174+00,BL1478,Ducks In Boots Decoir Mat 75x45cm,12,12.99,1
1039,2024-05-30 13:34:31.377266+00,2024-06-03 18:52:28.283655+00,BL1509 DI-5234,Beware of dog sign,5,7.99,1
1167,2024-12-05 11:33:37.834126+00,2025-02-28 11:37:37.144498+00,BL1735 BA677,Single Basket Star Liner,5,17.99,1
956,2023-11-06 13:53:27.648251+00,2025-02-26 14:08:29.797534+00,BL1479,Hooters Decoir Mat 75x45cm,9,12.99,1
970,2023-12-12 17:37:22.77125+00,2025-02-14 10:59:03.539831+00,BL1533 LP95760,Feather and Fur Hares Mug,21,4.99,1
937,2023-09-29 10:57:46.835365+00,2025-02-14 14:56:46.190014+00,BL1444 MH1096,Meg Hawkins Squirrel Mini Candle and Diffuser set-Fir and Red Berry,4,12.99,1
952,2023-11-06 13:52:01.412206+00,2025-02-14 10:59:03.461352+00,BL1475,Peacock Glass Birdbath,0,22.99,1
866,2023-06-29 09:27:47.52329+00,2025-01-24 08:28:38.906354+00,BL531 PL128,Green Table,2,39.99,1
964,2023-11-06 13:55:58.618703+00,2025-02-14 10:59:03.489631+00,BL1487,Hummingbird Glass Birdbath,0,22.99,1
966,2023-12-12 17:35:45.147699+00,2025-02-14 10:59:03.503821+00,BL1529 LP95764,Feather and Fur Stag Mug,40,4.99,1
958,2023-11-06 13:54:06.628046+00,2025-02-26 14:08:29.821377+00,BL1481,Spike Decoir Mat - 45x75cm,1,12.99,1
871,2023-07-06 09:18:31.24368+00,2025-01-22 14:44:06.830554+00,BL17,Mango Wood Bird and Owl Letter Rack,0,14.99,1
875,2023-07-17 17:32:18.919009+00,2025-01-22 15:03:21.372432+00,BL1373,Meg Hawkins Candle Rosehip and Birchwood -Pheasant,4,9.99,1
967,2023-12-12 17:36:10.878757+00,2025-02-14 10:59:03.52525+00,BL1530 LP95763,Feather and Fur Highland Cow Mug,19,4.99,1
1115,2024-07-23 14:54:26.126522+00,2025-03-12 10:56:39.049493+00,BL248 XRL-HHOG-D,Vivid Arts Real Life Hedgehog,2,24.99,1
857,2023-05-15 12:37:55.029164+00,2025-01-22 15:28:01.606496+00,BL1333,Meg Hawkins Round Wall Clock 30cm Fox,3,14.99,1
886,2023-07-17 17:53:00.336415+00,2025-01-22 15:29:23.940516+00,BL1384,Meg Hawkins Rubber Wood Board Stag,1,13.99,1
934,2023-09-29 10:53:41.389781+00,2025-01-22 15:39:25.233303+00,BL1437 MH1056,Meg Hawkins Set of 4 Stag Coasters,6,4.99,1
850,2023-03-27 15:00:14.117641+00,2025-01-22 15:58:14.625337+00,BL1309,Mini diecast tractor playset,13,5.99,1
953,2023-11-06 13:52:20.683906+00,2025-01-22 16:01:50.05084+00,BL1476,Mr Fox - Standing,2,12.99,1
954,2023-11-06 13:52:37.541921+00,2025-01-22 16:02:03.873838+00,BL1477,Mrs Fox - Standing,3,12.99,1
210,2019-07-04 09:59:09.658733+00,2025-01-27 12:09:50.682311+00,BL84,Brent Lodge Fridge Magnet,17,0.29,1
1134,2024-10-17 11:50:24.449739+00,2025-03-12 10:56:38.902403+00,BL1348 AN210,Daisy The Hen,0,29.99,1
961,2023-11-06 13:55:06.831429+00,2025-01-23 10:39:16.23594+00,BL1484,Feathered Friends 75x45cm,3,12.99,1
963,2023-11-06 13:55:41.883547+00,2025-02-26 14:08:29.787531+00,BL1486,Hedgehog Decoir Mat 40x60cm,0,9.99,1
960,2023-11-06 13:54:44.784236+00,2025-02-26 14:08:29.806949+00,BL1483,Le Faisan Decoir Mat 75x45cm,9,12.99,1
969,2023-12-12 17:36:57.067739+00,2025-03-12 10:56:38.929722+00,BL1532 LP95761,Feather and Fur Hedgehog Mug,31,4.99,1
855,2023-05-09 11:09:58.279128+00,2025-01-24 12:38:53.798017+00,BL1318 LP34066,Country Life ladybirds mug,12,3.99,1
863,2023-06-29 09:17:53.340427+00,2025-01-24 12:41:34.75295+00,BL1346 BA471,Bicycle Wheel Planter,1,34.99,1
869,2023-06-29 09:30:00.701015+00,2025-02-02 13:06:13.378881+00,BL1369 BA441,Ornate Trellis,0,19.99,1
868,2023-06-29 09:29:21.720732+00,2025-01-24 12:50:14.111992+00,BL1368 BA362,Robin Stake,3,4.99,1
995,2024-02-19 16:49:55.023118+00,2025-03-12 09:33:42.232464+00,BL1560,Tree Of Life BA457,1,26.99,1
870,2023-06-29 09:30:25.121342+00,2025-02-02 13:06:13.384256+00,BL1370,Royal Trellis,0,17.99,1
867,2023-06-29 09:28:44.709559+00,2025-02-02 13:06:13.372418+00,BL1367 PL61,Folding Shelve Stand,0,49.99,1
72,2019-01-22 16:44:41.187089+00,2025-02-13 10:38:52.176807+00,BL316 XBC-BH22-D,Vivid Arts Wicker Bird House,0,27.99,1
914,2023-08-30 11:42:21.014864+00,2025-02-13 15:36:40.361491+00,BL770 HGF-013,Vivid Arts Hanging Robin T-pot,1,26.99,1
945,2023-10-05 09:12:06.511046+00,2025-03-12 10:56:38.765846+00,BL1469,Premium Hedgehog Biscuits 600g,36,4.99,1
907,2023-08-29 15:05:40.198981+00,2025-03-12 10:56:39.067003+00,BL1326   WBC-SWAL-D,Vivid Arts Swallow,0,12.99,1
948,2023-10-26 12:12:16.505862+00,2025-03-14 09:49:23.708798+00,BL1472 LP72973,Vintage Racing Car Red,4,29.99,1
1005,2024-02-19 17:07:31.289706+00,2024-08-27 09:59:14.545974+00,BL1339,Solar Dragon AN99,0,24.99,1
1116,2024-07-23 14:55:55.520884+00,2025-02-13 15:50:24.887909+00,BL1291 XRL-HWOL-A,Vivid Arts Howling Wolves,0,84.99,1
1001,2024-02-19 16:59:42.201303+00,2024-03-20 15:22:38.207802+00,BL1540,Green Tractor BA226,0,29.99,1
1036,2024-05-30 13:28:26.659215+00,2024-08-29 08:33:03.267082+00,BL1500  DI-6307,Never mind the dog beware of owner sign,0,7.99,1
972,2023-12-12 17:38:23.177371+00,2025-02-14 10:59:03.554257+00,BL1535 LP95758,Feather and Fur Field Mice Mug,0,4.99,1
973,2023-12-12 17:38:46.104243+00,2025-02-14 10:59:03.560962+00,BL1536 LP95757,Feather and Fur Butterfly Mug,27,4.99,1
974,2023-12-12 17:39:13.791849+00,2025-02-14 10:59:03.567428+00,BL1537 LP95756,Feather and Fur Bee Mug,60,4.99,1
1009,2024-05-13 14:17:13.004416+00,2025-02-14 10:59:03.581155+00,BL1620 LP48841,Red with flower scooter,0,24.99,1
1007,2024-04-05 12:42:44.713598+00,2024-04-05 13:33:55.21105+00,BL605,Duck and Swan food,0,2.99,1
1014,2024-05-13 14:20:00.7342+00,2024-07-29 09:43:53.243709+00,BL1625 LP42169,Vintage Union Jack Scooter,0,24.99,1
1011,2024-05-13 14:18:19.972449+00,2025-02-14 10:59:03.596588+00,BL1622 LP42756,Blue Motorbike,3,29.99,1
1015,2024-05-13 14:21:31.76209+00,2025-02-14 10:59:03.608963+00,BL1626 LP42170,Vintage Scooter Blue,0,24.99,1
1012,2024-05-13 14:18:56.639455+00,2024-10-16 11:32:39.673733+00,BL1623 LP42174,Vintage Motorbike Red,0,29.99,1
1035,2024-05-20 12:11:08.626156+00,2025-02-25 12:20:52.550826+00,BL1618,Bay Trees Decoir mat 45x75cm,5,12.99,1
1034,2024-05-20 12:10:50.2521+00,2025-02-26 14:08:29.744315+00,BL1617,Dickie Birds Decoir mat 45x75cm,4,12.99,1
1023,2024-05-20 11:59:09.239098+00,2025-02-26 14:08:29.829633+00,BL1606,Welcome Decoir Mat 45x75cm,4,12.99,1
1003,2024-02-19 17:04:02.902702+00,2024-02-19 17:04:02.902719+00,BL1567,Green Tractor BA588,1,29.99,1
1004,2024-02-19 17:06:16.228478+00,2024-02-19 17:06:16.228493+00,BL1316,Hummingbird Bell BA416,3,12.99,1
1020,2024-05-20 11:57:31.754039+00,2024-10-29 17:44:41.261797+00,BL1603,30cm Supreme Seed Feeder,0,9.99,1
1000,2024-02-19 16:58:27.236567+00,2025-03-12 10:56:38.884357+00,BL1565 BA229,Camper,2,29.99,1
1010,2024-05-13 14:17:47.817734+00,2025-03-12 10:56:39.084052+00,BL1621 LP48840,Yellow with flower scooter,0,24.99,1
992,2024-02-19 16:41:41.95782+00,2024-04-18 12:58:35.166602+00,BL1558,Wild Butterfly Art BA586,3,26.99,1
1025,2024-05-20 12:01:32.952659+00,2024-08-27 09:59:14.292356+00,BL1608,Bird Song 45x75cm,6,12.99,1
1031,2024-05-20 12:07:41.808248+00,2024-05-24 09:26:31.839486+00,BL1614,Woodland XL Barrow Planter,2,39.99,1
996,2024-02-19 16:51:20.828741+00,2024-05-16 08:11:54.41332+00,BL1566,Motorcycle BA591,0,29.99,1
1135,2024-10-17 12:28:16.995779+00,2024-11-26 20:56:30.018396+00,BL1317 LP48880,Elephant Doorstop,2,12.99,1
1028,2024-05-20 12:06:21.323281+00,2024-05-20 12:06:21.32331+00,BL1611,Giant Woodland Windmill,8,39.99,1
1029,2024-05-20 12:06:49.595402+00,2024-05-20 12:06:49.595435+00,BL1612,Woodland Wishing Well,3,69.99,1
1030,2024-05-20 12:07:12.806768+00,2024-05-20 12:07:12.806796+00,BL1613,Giant Wishing Well,3,79.99,1
998,2024-02-19 16:55:13.715909+00,2024-05-24 09:26:31.660631+00,BL1539,Red Tractor Ba225,0,29.99,1
991,2024-02-19 16:40:06.231074+00,2024-08-26 08:42:56.211449+00,BL1557,Chasing Butterflies BA585,0,24.99,1
1022,2024-05-20 11:58:26.993749+00,2024-09-10 07:24:56.55568+00,BL1605,20cm Supreme Sunflower Seed Feeder,0,8.99,1
1024,2024-05-20 12:00:16.578678+00,2024-07-29 09:43:53.284213+00,BL1607,Monarch Decoir Mat 45x75cm,5,12.99,1
975,2023-12-12 17:39:38.0134+00,2024-10-29 17:44:41.340281+00,BL1538 LP95755,Feather and Fur Owl Mug,0,4.99,1
1026,2024-05-20 12:01:53.563311+00,2024-07-29 09:43:53.297981+00,BL1609,Bumblebees 45x75cm,6,12.99,1
1037,2024-05-30 13:30:18.748545+00,2024-08-29 08:33:03.279819+00,BL1497 DI-3699,Beware of the wife sign,0,7.99,1
1125,2024-09-18 18:54:06.264966+00,2024-10-29 17:44:41.38968+00,BL1689 MH1120,Meg Hawkins Vase - Hare,1,15.99,1
1038,2024-05-30 13:31:34.665864+00,2024-10-29 17:44:41.508459+00,BL1501 DI-6309,Sod the dog sign,0,7.99,1
1027,2024-05-20 12:03:34.371995+00,2024-07-11 07:30:51.984927+00,BL1610,Sunflowers Decoir Mat 45x75cm,6,12.99,1
994,2024-02-19 16:48:30.249605+00,2024-07-12 13:56:49.811136+00,BL1559,Hummingbird Art BA206,1,26.99,1
1159,2024-12-05 11:18:24.649656+00,2024-12-05 11:18:24.649671+00,BL1727 BA668,Set of 3 Baskets Robin Liner,2,59.99,1
1013,2024-05-13 14:19:28.547794+00,2024-11-26 20:56:30.14755+00,BL1624 LP42173,Vintage Motorbike Black,0,29.99,1
1175,2024-12-05 12:19:18.903475+00,2024-12-05 12:19:18.903497+00,BL1743 BA661,Hedgehog,36,14.99,1
1045,2024-05-30 13:46:23.652633+00,2024-06-03 18:46:44.241499+00,BL1628 DI-3943,Go left wall plaque,3,15.99,1
1054,2024-07-12 09:56:48.204888+00,2024-07-12 09:56:48.204904+00,BL533  PL66,Teacup,2,19.99,1
981,2024-02-19 15:21:50.202999+00,2025-02-13 15:43:58.130757+00,BL1553 xrl-gtrt-d,Vivid Arts Giant Tortoise,0,39.99,1
1021,2024-05-20 11:58:04.209888+00,2025-01-09 08:47:20.139109+00,BL1604,Lighthouse Seed Feeder - Copper,2,9.99,1
1043,2024-05-30 13:39:10.571896+00,2025-01-09 08:47:20.144222+00,BL1503 DI-3938,Dog House sign,0,7.99,1
1006,2024-02-19 17:12:40.537776+00,2025-01-22 13:49:32.387701+00,BL1499 DI-4899,If Your Not The Postman Sign,1,7.99,1
993,2024-02-19 16:44:49.118167+00,2025-01-22 12:32:20.885679+00,BL1562,Hanging Tree Of Life BA342,2,22.99,1
1041,2024-05-30 13:36:59.99406+00,2025-01-22 14:20:40.108955+00,BL1505 DI-5247,Lost dog and wife sign,0,8.49,1
1042,2024-05-30 13:37:53.314443+00,2025-01-22 14:43:33.148675+00,BL1506 DI-5905,Man cave tools sign,3,6.99,1
979,2024-02-19 15:15:07.238189+00,2025-02-13 15:43:43.366926+00,BL1278 pp-cnry-f,Vivid Arts Canary,1,9.99,1
980,2024-02-19 15:18:06.205415+00,2025-02-13 15:43:51.503999+00,BL1551 xbc-af01-f,Vivid Arts Apple Feeder,1,17.99,1
982,2024-02-19 15:26:03.770338+00,2025-02-13 15:44:29.563835+00,BL1546 wl-barn-b,Vivid Arts Woodlife Barn Owl,0,19.99,1
983,2024-02-19 15:27:44.87657+00,2025-02-13 15:44:48.522801+00,BL1547  wl-bh01-d,Vivid Arts woodlife Robin on Birdhouse,4,14.99,1
985,2024-02-19 15:30:41.910261+00,2025-02-13 15:45:11.175245+00,BL1549 wl-hhog-f,Vivid Arts Woodlife Baby Hedgehog,2,6.99,1
987,2024-02-19 15:33:19.850865+00,2025-02-13 15:45:32.44728+00,BL1432 wl-ltwl-d,Vivid Arts Woodlife Little Owl,2,19.99,1
1053,2024-07-12 09:50:16.588514+00,2025-02-13 15:46:39.118325+00,BL510 BG-RB02-F,Vivid Arts Robin On garden tap,0,16.99,1
990,2024-02-19 16:38:26.373401+00,2025-01-23 12:13:28.899161+00,BL1076 BA205,Butterfly Art,3,26.99,1
997,2024-02-19 16:53:21.132405+00,2025-01-23 12:20:55.877975+00,BL1563,Bee Honeycomb Bell BA356,0,10.99,1
999,2024-02-19 16:57:03.36414+00,2025-01-23 12:23:54.084892+00,BL1194,BeeHive Bell BA357,0,12.99,1
1002,2024-02-19 17:02:13.641623+00,2025-01-23 12:29:53.167182+00,BL1568,Blue Tractor BA589,2,29.99,1
1016,2024-05-20 11:55:37.21626+00,2025-01-23 12:42:19.292783+00,BL1599,26cm Acorn Seed Feeder,1,5.99,1
1017,2024-05-20 11:56:05.471208+00,2025-01-23 12:42:35.104846+00,BL1600,26cm Acorn Peanut Feeder,2,5.99,1
977,2024-02-19 15:12:31.079417+00,2025-02-13 15:43:28.526887+00,BL251 pp-bdg4-f,Vivid Arts Green Budgie,1,14.99,1
1019,2024-05-20 11:57:00.566167+00,2025-01-23 12:45:41.077788+00,BL1602,20cm Supreme Seed Feeder,3,7.99,1
1033,2024-05-20 12:10:12.63558+00,2025-01-23 12:48:32.815554+00,BL1616,12in Birdwood Wall Clock,2,19.99,1
1052,2024-06-07 15:20:43.748752+00,2025-01-23 13:01:22.730313+00,BL1498 DI-4433,Dogs have masters cats servants sign,0,7.99,1
1142,2024-11-07 14:28:52.447168+00,2025-01-23 15:36:08.6084+00,BL1692 LP53721,Christmas Robin Mug,45,6.99,1
1018,2024-05-20 11:56:30.607849+00,2025-01-31 09:43:03.506764+00,BL1601,26cm Acorn Suet Ball Feeder,0,5.99,1
976,2024-02-19 15:11:47.916382+00,2025-02-13 15:43:14.762483+00,BL252  pp-bdg2-f,Vivid Arts Blue Budgie,0,14.99,1
984,2024-02-19 15:29:08.553923+00,2025-02-13 15:44:59.374075+00,BL1548 wl-hhog-d,Vivid Arts Woodlife Hedgehog,2,14.99,1
1057,2024-07-12 11:22:35.204235+00,2024-07-12 11:22:35.20425+00,BL878  BA92,Butterfly Bike Planter,2,24.99,1
1083,2024-07-12 14:00:58.175781+00,2025-02-13 15:48:18.702437+00,BL1573 HGF-036,Vivid Arts Hanging Robin Leaf Feeder,2,17.99,1
1071,2024-07-12 13:25:14.405666+00,2024-07-12 13:25:14.405681+00,BL1350 BA154,The Hanging Teapot,3,24.99,1
1075,2024-07-12 13:43:43.720581+00,2024-07-29 09:43:53.335116+00,BL1511,Spitfire Model Medium,2,24.99,1
1085,2024-07-12 14:02:04.429711+00,2025-02-13 15:48:31.181699+00,BL1575 PP-CHAM-F,Vivid Arts Chameleon,0,27.99,1
1087,2024-07-12 14:03:53.791543+00,2025-02-13 15:48:44.376702+00,BL1577 PP-KOMO-F,Vivid Arts Komodo Dragon,0,22.99,1
1088,2024-07-12 14:05:15.276489+00,2025-02-13 15:48:50.5968+00,BL1580 WH-RB02-F,Vivid Arts Wall Hang Robin on Garden Tap,2,14.99,1
1089,2024-07-12 14:29:09.032628+00,2025-02-13 15:49:01.40237+00,BL1587 XBC-BH55-D,Vivid Arts Flying Scotsman Robin Birdhouse,0,39.99,1
1090,2024-07-12 14:29:53.400393+00,2025-02-13 15:49:11.375738+00,BL1590 XRL-STPG-D,Vivid Arts Real Life Standing Pig,0,34.99,1
1091,2024-07-12 14:30:34.167973+00,2024-07-12 14:30:34.16799+00,BL1591 BA606,Song Bird Wall Plaque,2,27.99,1
1094,2024-07-12 14:34:59.533503+00,2024-07-12 14:34:59.533517+00,BL1635 GM06,Moon Mirror,4,29.99,1
1095,2024-07-12 14:36:02.35757+00,2024-07-12 14:36:02.357585+00,BL1640 BA616,Hummingbird Heart Bell,7,14.99,1
1105,2024-07-12 15:44:41.334666+00,2024-07-22 14:22:39.078629+00,BL1496 DI-3696,Close The Gate Sign,2,7.99,1
1061,2024-07-12 11:46:35.502457+00,2024-08-29 08:33:03.329338+00,BL907  101313,My garden play set,0,9.99,1
1104,2024-07-12 15:43:08.118363+00,2024-07-12 15:43:51.629945+00,BL1495 DI-3698,Beware Of The Dog Sign,4,7.99,1
1051,2024-06-03 18:43:25.527598+00,2024-08-26 08:42:56.217667+00,BL1639 ba183,Ferris Wheel Planter,1,39.99,1
1100,2024-07-12 15:11:20.346855+00,2024-08-27 09:59:14.261322+00,BL1655,100 piece jigsaw Vintage butterflies,9,6.99,1
1117,2024-07-23 14:57:21.363038+00,2025-02-13 15:50:31.587155+00,BL1664 XRL-LAMB-D,Vivid Arts Real Life Lamb,1,27.99,1
1069,2024-07-12 13:21:42.537675+00,2024-08-27 09:59:14.286806+00,BL1303 BA415,Bird Bell,2,12.99,1
1070,2024-07-12 13:24:37.899092+00,2024-11-05 11:59:40.101486+00,BL1349 AN12,Racer The Snail,1,22.99,1
104,2019-01-22 17:12:00.0232+00,2025-02-14 10:59:03.092055+00,BL412 XRL-FCB3-D,Vivid Arts Sleeping Fox Cub,1,26.99,1
1065,2024-07-12 12:27:14.061199+00,2025-03-12 10:56:38.81034+00,BL981 101323,Build A Bee Hotel,13,9.99,1
1062,2024-07-12 11:48:20.942351+00,2024-10-29 17:44:41.490076+00,BL908   101286,Sew me up hedgehog and hoglet,20,9.99,1
1048,2024-05-30 13:54:53.962657+00,2024-08-29 08:33:03.31843+00,BL1629 DI-4502-R,Bullshit corner sign,0,6.99,1
1073,2024-07-12 13:41:56.592231+00,2024-11-27 12:48:20.876289+00,BL1489,Have a wild Christmas Xmas Cards,13,3.99,1
989,2024-02-19 16:34:06.580165+00,2024-10-29 17:44:41.455402+00,BL1541 ba231,Red Plane,1,29.99,1
1074,2024-07-12 13:42:26.819831+00,2024-11-27 12:52:39.768644+00,BL1490,Xmas mix 2023,0,3.99,1
968,2023-12-12 17:36:34.478293+00,2025-02-14 10:59:03.516629+00,BL1531 LP95762,Feather and Fur Bunnies Mug,29,4.99,1
1160,2024-12-05 11:21:21.271456+00,2024-12-05 11:21:21.271483+00,BL1728 BA669,Set of 3 Baskets Star Liner,2,59.99,1
959,2023-11-06 13:54:25.69127+00,2024-12-11 21:46:49.495157+00,BL1482,Six Vixens Decoir Mat - 45x75cm,0,12.99,1
1046,2024-05-30 13:47:54.247278+00,2025-02-14 10:59:03.617318+00,BL1544 BA587,Spitfire,2,24.99,1
1184,2024-12-05 12:30:43.484207+00,2024-12-13 11:46:57.196897+00,BL1752 BA704,Clock,5,12.99,1
1067,2024-07-12 12:51:49.921038+00,2025-02-13 15:47:06.16122+00,BL1034 XRL-BLDE-B,Vivid Arts American Bald Eagle,0,54.99,1
1084,2024-07-12 14:01:31.45772+00,2025-02-14 10:59:03.625115+00,BL1574 PP-CAPY-F,Vivid Arts Capybara,1,17.99,1
1044,2024-05-30 13:40:12.801667+00,2025-01-09 08:47:20.150312+00,BL1502 DI-3931,Man cave sign,0,7.99,1
1058,2024-07-12 11:43:15.294026+00,2025-01-09 08:47:20.155508+00,BL904  101291,Sew me up floral bunny,16,9.99,1
1093,2024-07-12 14:34:18.258583+00,2025-02-14 10:59:03.632912+00,BL1634,Spitfire Model- Small,2,18.99,1
1099,2024-07-12 15:10:17.036798+00,2025-02-14 10:59:03.655903+00,BL1647 LP95846,Hares Breakfast Mug,7,4.99,1
1097,2024-07-12 15:08:31.654174+00,2025-02-14 10:59:03.641291+00,BL1645 LP95826,Stag Breakfast Mug,28,4.99,1
1106,2024-07-12 15:46:25.185151+00,2025-01-09 08:47:20.193057+00,BL1504 DI-5382,Dads Shed Sign,0,7.99,1
1168,2024-12-05 11:35:07.415318+00,2025-02-28 11:37:37.136002+00,BL1736 BA676,Single Basket Robin Liner,5,17.99,1
1152,2024-12-02 11:42:41.24766+00,2025-01-09 08:47:20.219397+00,BL1718,Robin Placemats,2,9.99,1
1098,2024-07-12 15:09:01.388989+00,2025-02-14 10:59:03.648682+00,BL1646 LP95836,Highland Cow Breakfast Mug,10,4.99,1
1108,2024-07-12 15:49:37.384365+00,2025-01-22 12:36:11.660742+00,BL1637 DI-7186,Happy As A Pig In Shit Sign,3,6.99,1
1060,2024-07-12 11:45:25.738683+00,2025-03-12 09:33:42.207201+00,BL906  101322,Butterflies and bees sun catcher kit,13,9.99,1
1072,2024-07-12 13:41:23.749537+00,2025-01-22 13:26:34.728793+00,BL1488,Hogs and kisses Xmas cards,3,3.99,1
1102,2024-07-12 15:12:43.883062+00,2025-01-22 14:30:39.08178+00,BL1657,Loved one is here when a robin is near sign,4,3.99,1
1126,2024-09-18 19:08:34.704004+00,2025-01-22 14:45:10.983364+00,BL1691 MH166,Meg Hawkins Apple Orchard Diffuser,6,12.99,1
300,2019-07-31 11:36:52.917655+00,2025-03-12 10:56:38.732233+00,CBL17,Chip and pin roll,60,0.22,1
1064,2024-07-12 11:50:55.167988+00,2025-01-22 16:21:13.965259+00,BL910  108100,Quiz in a tin - Our amazing planet,3,6.99,1
1059,2024-07-12 11:44:25.674338+00,2025-03-12 10:56:38.859626+00,BL905  101227,Build your own bird feeder,13,9.99,1
1047,2024-05-30 13:50:05.149437+00,2025-01-23 12:52:41.041453+00,BL1542 BA232,Yellow Plane,5,29.99,1
1049,2024-05-30 14:01:46.848652+00,2025-01-23 12:56:51.56662+00,BL1630,Flying Scotsman Sign,1,35.99,1
1050,2024-05-30 14:02:31.79485+00,2025-01-27 12:36:25.532648+00,BL1631 DI-3723-A,Flying Scotsman Sign Small,1,27.99,1
1107,2024-07-12 15:47:16.646461+00,2025-03-12 10:56:38.949384+00,BL1507 DI-5906,Grandads Shed Sign,2,7.99,1
1096,2024-07-12 15:07:22.745577+00,2025-03-12 10:56:38.957038+00,BL1641 CL1028,Hedgehog planter,36,3.99,1
1063,2024-07-12 11:49:52.300982+00,2025-01-23 13:49:05.633559+00,BL909  100608,Bee and insect house,0,12.99,1
1066,2024-07-12 12:43:14.451292+00,2025-03-12 10:56:38.965746+00,BL982 101219,Make your own insect house,19,9.99,1
1068,2024-07-12 13:20:29.138132+00,2025-02-13 15:47:12.897955+00,BL1279 RP-HHOG-F,Vivid Arts Rocking Hedgehog,2,17.99,1
1055,2024-07-12 10:15:17.724035+00,2025-02-13 15:46:47.112097+00,BL670  BG-XW21-G,Vivid Arts Hanging robin floral tree,0,6.99,1
1077,2024-07-12 13:50:39.304339+00,2025-02-13 15:47:35.750174+00,BL1554 XRL-LYNX-A,Vivid Arts Real Life Laying Lynx,0,139.99,1
1078,2024-07-12 13:51:13.456222+00,2025-02-13 15:47:42.424395+00,BL1555 XRL-PFOX-B,Vivid Arts RL Prowling Fox B,1,89.99,1
1101,2024-07-12 15:11:49.725617+00,2025-01-23 15:06:54.101412+00,BL1656,100 piece jigsaw Wildlife,18,6.99,1
1103,2024-07-12 15:13:29.372422+00,2025-01-23 15:07:25.524972+00,BL1658,Grandad is here when a robin is near sign,0,3.99,1
1183,2024-12-05 12:28:51.006443+00,2025-01-23 15:42:09.690743+00,BL1751 BA694,Standing Clock,5,9.99,1
1176,2024-12-05 12:20:28.480544+00,2025-01-27 12:09:50.616907+00,BL1744 BA695,Aeroplane Clock,3,49.99,1
1092,2024-07-12 14:33:40.981959+00,2025-01-27 12:09:50.715736+00,BL1632 DI-5088-AL,Never in the Field Sign,0,19.99,1
1076,2024-07-12 13:49:58.021287+00,2025-02-13 15:47:30.381048+00,BL1552 XRL-EGWL-B,Vivid Arts Real Life Eagle Owl,0,129.99,1
1056,2024-07-12 10:38:11.486504+00,2025-02-13 15:46:52.930014+00,BL726  XRL-PUFF-D,Vivid Arts Real life puffin,0,24.99,1
1079,2024-07-12 13:56:11.618193+00,2025-02-13 15:47:48.777133+00,BL1556 XRL-SSDG-F,Vivid Arts RL Sheepdog,0,26.99,1
1080,2024-07-12 13:59:16.64001+00,2025-02-13 15:47:56.211789+00,BL1569 BG-GFTR-F,Vivid Arts Goldfinch on Trowel,0,12.99,1
1082,2024-07-12 14:00:24.719713+00,2025-02-13 15:48:09.060656+00,BL1571 HGF-019,Vivid Arts Hanging Goldfinch on Branch,0,12.99,1
760,2022-09-07 15:27:21.417225+00,2025-01-09 08:47:20.021722+00,BL1183,CJ Wildlife Peanut Butter for Birds Mealworms,0,2.49,1
592,2021-07-05 11:41:55.771026+00,2025-01-21 14:33:35.315316+00,BL951 LP46720,Desire Aroma Butterflies Wax melt oil wamer,5,3.99,1
691,2022-04-21 14:05:56.669876+00,2025-01-21 15:32:57.514738+00,BL1081 LP48396,Country Life Bees Cuttingboard,5,9.99,1
1196,2025-02-11 14:30:56.571052+00,2025-02-13 15:51:44.756014+00,BL1275 bg-rb09-d,Vivid Arts Robin nest in lantern,4,17.99,1
876,2023-07-17 17:33:25.502175+00,2025-01-22 15:01:05.610518+00,BL1374,Meg Hawkins Candle Lavender and Camomile - Fox,18,9.99,1
1139,2024-10-29 11:39:46.334167+00,2025-01-22 16:08:11.354959+00,BL1704,NT Table Seed Mix 2 kg CJ Wildlife,0,4.99,1
1185,2025-01-24 08:57:45.038353+00,2025-01-24 08:57:45.038579+00,BL696  bg-bt03-d,Blue tit on rusty pail,1,18.99,1
1186,2025-01-24 09:44:13.586851+00,2025-01-24 09:44:13.587096+00,BL881 sp18,Balancing Robin,1,17.99,1
1187,2025-01-24 09:51:10.243345+00,2025-01-24 09:51:10.243479+00,BL937 xrl-rfox-a,Resting Fox,1,89.99,1
1189,2025-01-24 12:43:57.217731+00,2025-01-24 12:43:57.217746+00,BL1362 ba404,Kylie the crow rocker,1,25.99,1
1190,2025-01-24 12:45:42.565678+00,2025-01-24 12:45:42.56581+00,BL1363 ba401,Robin Family Spinner,1,22.99,1
1191,2025-01-24 13:04:49.73509+00,2025-01-24 13:04:49.735107+00,BL1404 an209,Rocky the Rooster,1,37.99,1
1192,2025-01-24 13:09:30.838777+00,2025-01-24 13:10:40.850155+00,BL1460 ba575,Gnome with dangly legs,2,9.99,1
1193,2025-01-24 13:13:23.580632+00,2025-01-24 13:13:23.580646+00,BL1461 ba576,Sitting Gonk,2,9.99,1
1195,2025-01-24 13:29:52.465736+00,2025-01-24 13:29:52.46575+00,BL1588  xbc-bh66-d,London Bus Birdhouse,1,39.99,1
1194,2025-01-24 13:27:16.588027+00,2025-01-27 12:09:50.69048+00,BL1564 ba-6753,Dads shed Keyholder,0,12.99,1
371,2020-02-10 11:05:10.298038+00,2025-02-13 15:21:54.025037+00,BL720 WBS-BT05-F,Vivid Arts Singing Blue Tit on stump,2,18.99,1
648,2022-01-21 14:58:04.831237+00,2025-02-13 15:28:05.598027+00,BL413 PZ-LIZD-F,Vivid Arts Bearded Dragon Lizard,0,24.99,1
747,2022-07-21 15:55:27.841547+00,2025-02-13 15:30:39.460074+00,BL1090 XRL-FCB6-D,Vivid Arts Resting Fox Cub,2,24.99,1
920,2023-08-30 11:51:52.386164+00,2025-02-13 15:38:04.067205+00,BL1415 HGF-033,Vivid Arts Hanging Robin Acorn Feeder,4,19.99,1
978,2024-02-19 15:13:57.195157+00,2025-02-13 15:43:36.14524+00,BL1027 pp-bt02-f,Vivid Arts Pet Pal Baby Tortoise,0,14.99,1
986,2024-02-19 15:32:11.960269+00,2025-02-13 15:45:22.074944+00,BL1420 wl-hlca-d,Vivid Arts Woodlife Highland Cattle,3,49.99,1
988,2024-02-19 15:34:48.130634+00,2025-02-13 15:45:42.097188+00,BL1550 wl-twny-b,Vivid Arts Woodlife Tawny Owl,2,19.99,1
1081,2024-07-12 13:59:49.480829+00,2025-02-13 15:48:02.081434+00,BL1570 BG-RB10-F,Vivid Arts Robin with Cartwheel,1,15.99,1
547,2021-03-01 11:00:23.325842+00,2025-02-14 10:59:03.151643+00,BL936 XRL-RB02-F,Vivid Arts Baby Rabbits,8,7.99,1
551,2021-03-01 11:06:59.83836+00,2025-02-14 10:59:03.171095+00,BL940 XRL-RS05-B,Vivid Arts Sitting red squirrel,1,27.99,1
752,2022-07-21 16:00:20.17374+00,2025-02-14 10:59:03.272995+00,BL1094 XRL-RB12-D,Vivid Arts Sitting Rabbits,2,24.99,1
847,2023-02-06 13:45:14.931787+00,2025-02-14 10:59:03.305323+00,BL1266 XRL-SLPG-F,Vivid Arts Real Life Sleeping Piglet F,0,15.99,1
901,2023-08-29 14:46:17.3687+00,2025-02-14 10:59:03.37045+00,BL1320 BG-PB23-F,Vivid Arts Post Box with Robin C.R,1,24.99,1
1197,2025-02-11 14:35:58.965207+00,2025-02-14 10:59:03.680262+00,BL1572 hgf-022,Vivid Arts Hanging harvest mouse sunflower,2,16.99,1
1198,2025-02-11 14:56:13.215824+00,2025-02-14 10:59:03.690065+00,BL1515 xrl-alsn-d,Vivid Arts Real Life Alsatian,0,22.99,1
1199,2025-02-11 14:58:00.085874+00,2025-02-14 10:59:03.699859+00,BL1517  xrl-bdog-d,Vivid Arts Real Life Bulldog,0,22.99,1
1200,2025-02-11 15:00:11.726599+00,2025-02-14 10:59:03.723106+00,BL1286 xrl-blab-d,Vivid Arts Real Life Black Labrador,0,22.99,1
1201,2025-02-11 15:02:00.562671+00,2025-02-14 10:59:03.742651+00,BL1757 xrl-blt2-d,Vivid Arts Real Life Brindle Bull Terrier,0,22.99,1
1202,2025-02-11 15:03:47.68508+00,2025-02-14 10:59:03.754856+00,BL1758 xrl-brol-d,Vivid Arts Real Life Choc Labrador,0,22.99,1
1203,2025-02-11 15:05:39.840133+00,2025-02-14 10:59:03.766224+00,BL1289 xrl-dchs-d,Vivid Arts Real Life Dachshund,0,22.99,1
1204,2025-02-11 15:15:09.37131+00,2025-02-14 10:59:03.773462+00,BL1519 xrl-gr03-d,Vivid Arts Real Life Golden Retriever,0,22.99,1
1205,2025-02-11 15:22:12.238729+00,2025-02-14 10:59:03.780306+00,BL1759 xrl-hlc9-f,Vivid Arts Real Life Highland Cattle,2,22.99,1
1206,2025-02-11 15:23:51.585759+00,2025-02-14 10:59:03.786986+00,BL1292 xrl-labr-d,Vivid Arts Real Life Golden Labrador,0,22.99,1
1207,2025-02-11 15:27:09.636578+00,2025-02-14 10:59:03.795879+00,BL349 xrl-rb03-e,Vivid Arts Real Life Sitting Baby Rabbits,2,12.99,1
1208,2025-02-11 15:29:00.259421+00,2025-02-14 10:59:03.803851+00,BL349 xrl-rb04-e,Vivid Arts Real Life Young Rabbit,6,13.99,1
1209,2025-02-11 15:30:49.879363+00,2025-02-14 10:59:03.812309+00,BL1524 xrl-rott-d,Vivid Arts Real Life Rottweiler,0,22.99,1
1210,2025-02-11 15:33:47.298654+00,2025-02-14 10:59:03.819425+00,BL1526 xrl-stf2-d,Vivid Arts Real Life Brown Staffie,0,22.99,1
1211,2025-02-11 15:35:10.689435+00,2025-02-14 10:59:03.826834+00,BL1527 xrl-stf4-d,Vivid Arts Real Life Brindle Staffie,0,22.99,1
1212,2025-02-11 15:38:57.106585+00,2025-02-14 10:59:03.834551+00,BL1528 xrl-whip-d,Vivid Arts Real Life Whippet,0,22.99,1
971,2023-12-12 17:37:57.937366+00,2025-03-12 10:56:38.917635+00,BL1534 LP95759,Feather and Fur Foxes Mug,66,4.99,1
